"# of Use","# of Use"
"%1$s incl tax.","%1$s incl tax."
"%s-%s of %s","%s-%s of %s"
"%s and above","%s and above"
"%s Item(s)","%s Item(s)"
"(%d)","(%d)"
"(Copy data from: %s)","(Copy data from: %s)"
"* Required Fields","* Required Fields"
"-- Please Select --","-- Please Select --"
"86400 by default, if not set. To refresh instantly, Clear the Blocks HTML Output Cache.","86400 by default, if not set. To refresh instantly, Clear the Blocks HTML Output Cache."
"<strong style=""color:red"">Warning!</strong> Applying MAP by default will hide all product prices on the frontend.","<strong style=""color:red"">Warning!</strong> Applying MAP by default will hide all product prices on the frontend."
"Action","Action"
"Active Filters","Active Filters"
"Actual Price","Actual Price"
"Add","Add"
"Add Attribute","Add Attribute"
"Add attribute into attribute set","Add attribute into attribute set"
"Add Design Change","Add Design Change"
"Add Group","Add Group"
"Add group into attribute set","Add group into attribute set"
"Add Group Price","Add Group Price"
"Additional Information","Additional Information"
"Additional Views","Additional Views"
"Add New","Add New"
"Add New Attribute","Add New Attribute"
"Add New Attribute Set","Add New Attribute Set"
"Add new custom option into product","Add new custom option into product"
"Add New Group","Add New Group"
"Add New Images","Add New Images"
"Add New Option","Add New Option"
"Add New Row","Add New Row"
"Add New Search Term","Add New Search Term"
"Add New Set","Add New Set"
"Add new values into custom option","Add new values into custom option"
"Add option","Add option"
"Add Product","Add Product"
"Add Product To Websites","Add Product To Websites"
"Add Root Category","Add Root Category"
"Add Subcategory","Add Subcategory"
"Add Tax","Add Tax"
"Add Tier","Add Tier"
"Add to Cart","Add to Cart"
"Add to Compare","Add to Compare"
"Add to Wishlist","Add to Wishlist"
"Alert Urls","Alert Urls"
"All","All"
"ALL GROUPS","ALL GROUPS"
"Allow All Products per Page","Allow All Products per Page"
"Allow Dynamic Media URLs in Products and Categories","Allow Dynamic Media URLs in Products and Categories"
"Allowed File Extensions","Allowed File Extensions"
"Allowed file extensions to upload","Allowed file extensions to upload"
"Allow HTML Tags on Frontend","Allow HTML Tags on Frontend"
"All products","All products"
"All products - recently added products, New products - products marked as new","All products - recently added products, New products - products marked as new"
"All Product Types","All Product Types"
"All Websites","All Websites"
"Amount","Amount"
"Anchor Custom Text","Anchor Custom Text"
"Anchor Custom Title","Anchor Custom Title"
"and","and"
"and above","and above"
"An error occurred while adding products to websites.","An error occurred while adding products to websites."
"An error occurred while clearing comparison list.","An error occurred while clearing comparison list."
"An error occurred while deleting this review.","An error occurred while deleting this review."
"An error occurred while removing products from websites.","An error occurred while removing products from websites."
"An error occurred while saving the attribute set.","An error occurred while saving the attribute set."
"An error occurred while saving the collection, aborting. Error message: %s","An error occurred while saving the collection, aborting. Error message: %s"
"An error occurred while saving the product. ","An error occurred while saving the product. "
"An error occurred while saving the search query.","An error occurred while saving the search query."
"An error occurred while saving the URL rewrite","An error occurred while saving the URL rewrite"
"An error occurred while saving this review.","An error occurred while saving this review."
"An error occurred while updating the product(s) attributes.","An error occurred while updating the product(s) attributes."
"An error occurred while updating the product(s) status.","An error occurred while updating the product(s) status."
"An invalid group ID is specified, skipping the record.","An invalid group ID is specified, skipping the record."
"An invalid option ID is specified for %s (%s), skipping the record.","An invalid option ID is specified for %s (%s), skipping the record."
"An invalid store was specified.","An invalid store was specified."
"Applicable to catalog products and categories only. Any media content will be inserted into editor as a static URL. It is not updated if the system configuration base URL changes.","Applicable to catalog products and categories only. Any media content will be inserted into editor as a static URL. It is not updated if the system configuration base URL changes."
"Apply","Apply"
"Apply MAP (Default Value)","Apply MAP (Default Value)"
"Apply price filter","Apply price filter"
"Apply To","Apply To"
"Approved","Approved"
"A product type is not defined for the indexer.","A product type is not defined for the indexer."
"Are you sure?","Are you sure?"
"Are you sure you want to delete this category?","Are you sure you want to delete this category?"
"Are you sure you would like to remove all products from your comparison?","Are you sure you would like to remove all products from your comparison?"
"Are you sure you would like to remove this item from the compare products?","Are you sure you would like to remove this item from the compare products?"
"Assign","Assign"
"Assigned Products","Assigned Products"
"Assign product link","Assign product link"
"Assign product to category","Assign product to category"
"Associated Products","Associated Products"
"Attrib. Set Name","Attrib. Set Name"
"Attribute ""%s"" is invalid.","Attribute ""%s"" is invalid."
"Attribute ""%s"" is required.","Attribute ""%s"" is required."
"Attribute add","Attribute add"
"Attribute code is invalid. Please use only letters (a-z), numbers (0-9) or underscore(_) in this field, first character should be a letter. Do not use ""event"" for an attribute code.","Attribute code is invalid. Please use only letters (a-z), numbers (0-9) or underscore(_) in this field, first character should be a letter. Do not use ""event"" for an attribute code."
"Attribute Information","Attribute Information"
"Attribute Name:","Attribute Name:"
"Attribute remove","Attribute remove"
"Attributes","Attributes"
"Attribute Set","Attribute Set"
"Attribute Sets","Attribute Sets"
"Attribute with the same code already exists","Attribute with the same code already exists"
"Attrribute names can be specified per store.","Attrribute names can be specified per store."
"Autogenerate","Autogenerate"
"Availability:","Availability:"
"Back","Back"
"Background Color","Background Color"
"Backorders","Backorders"
"Based On","Based On"
"Base Image Width","Base Image Width"
"Before Order Confirmation","Before Order Confirmation"
"Best Value","Best Value"
"Block after Info Column","Block after Info Column"
"Bottom/Left","Bottom/Left"
"Bottom/Right","Bottom/Right"
"Bottom Block Options Wrapper","Bottom Block Options Wrapper"
"Bundle Items","Bundle Items"
"Buy %1$s","Buy %1$s"
"Buy %1$s for","Buy %1$s for"
"Buy %1$s for %2$s","Buy %1$s for %2$s"
"Buy %1$s for %2$s (%3$s incl. tax) each","Buy %1$s for %2$s (%3$s incl. tax) each"
"Buy %1$s for %2$s each","Buy %1$s for %2$s each"
"Cache Lifetime (Seconds)","Cache Lifetime (Seconds)"
"Cache refresh needed.","Cache refresh needed."
"Can't create image.","Can't create image."
"Can be Divided into Multiple Boxes for Shipping","Can be Divided into Multiple Boxes for Shipping"
"Can be used only with catalog input type Dropdown","Can be used only with catalog input type Dropdown"
"Can be used only with catalog input type Dropdown, Multiple Select and Price","Can be used only with catalog input type Dropdown, Multiple Select and Price"
"Cancel","Cancel"
"Cannot create image.","Cannot create image."
"Cannot create writeable directory '%s'.","Cannot create writeable directory '%s'."
"Cart Item Attribute","Cart Item Attribute"
"Catalog","Catalog"
"Catalog, Search","Catalog, Search"
"Catalog Category (Anchor)","Catalog Category (Anchor)"
"Catalog Category (Non-Anchor)","Catalog Category (Non-Anchor)"
"Catalog Category (Without Subcategories)","Catalog Category (Without Subcategories)"
"Catalog Category Link","Catalog Category Link"
"Catalog New Products List","Catalog New Products List"
"Catalog Price Scope","Catalog Price Scope"
"Catalog Product Compare List","Catalog Product Compare List"
"Catalog product custom options API","Catalog product custom options API"
"Catalog product custom option values API","Catalog product custom option values API"
"Catalog Product Email to a Friend","Catalog Product Email to a Friend"
"Catalog Product Image Gallery Popup","Catalog Product Image Gallery Popup"
"Catalog Product Link","Catalog Product Link"
"Catalog Product View (Any)","Catalog Product View (Any)"
"Catalog Product View (Configurable)","Catalog Product View (Configurable)"
"Catalog Product View (Grouped)","Catalog Product View (Grouped)"
"Catalog Product View (Simple)","Catalog Product View (Simple)"
"Catalog Product View (Virtual)","Catalog Product View (Virtual)"
"Catalog Seo Sitemap (Category List)","Catalog Seo Sitemap (Category List)"
"Catalog Seo Sitemap (Category Tree)","Catalog Seo Sitemap (Category Tree)"
"Catalog Seo Sitemap (Common)","Catalog Seo Sitemap (Common)"
"Catalog Seo Sitemap (Product List)","Catalog Seo Sitemap (Product List)"
"Catalog URL Rewrites","Catalog URL Rewrites"
"Categories","Categories"
"categories","categories"
"Categories Sitemap","Categories Sitemap"
"Category","Category"
"Category API","Category API"
"Category attributes API","Category attributes API"
"Category Data","Category Data"
"Category delete error: %s","Category delete error: %d"
"Category Flat Data","Category Flat Data"
"Category is not dynamic.","Category is not dynamic."
"Category Link Block Template","Category Link Block Template"
"Category Link Inline Template","Category Link Inline Template"
"Category move error: %s","Category move error: %s"
"Category must be an instance of Mage_Catalog_Model_Category.","Category must be an instance of Mage_Catalog_Model_Category."
"Category not found.","Category not found."
"Category Products","Category Products"
"Category save error: %s","Category save error: %s"
"Category Top Navigation","Category Top Navigation"
"Category URL Suffix","Category URL Suffix"
"Category was not found.","Category was not found."
"Center","Center"
"Change","Change"
"Change or Retrieve attribute store view","Change or Retrieve attribute store view"
"Change status","Change status"
"Check items to add to the cart or","Check items to add to the cart or"
"Choose an Option...","Choose an Option..."
"Clear All","Clear All"
"Clear Price","Clear Price"
"Click for price","Click for price"
"Close Window","Close Window"
"Collapse All","Collapse All"
"Comma-separated.","Comma-separated."
"Comparable","Comparable"
"Comparable on Front-end","Comparable on Front-end"
"Comparable on the Frontend","Comparable on the Frontend"
"Compare","Compare"
"Compare Products","Compare Products"
"Conditions","Conditions"
"Conditions Combination","Conditions Combination"
"Configurable Product","Configurable Product"
"Configurable Product Settings","Configurable Product Settings"
"Continue","Continue"
"Controls display of Add to Cart and View Details buttons in category pages and product lists. When disabled, only product names and images will be clickable.","Controls display of Add to Cart and View Details buttons in category pages and product lists. When disabled, only product names and images will be clickable."
"Copy From Configurable","Copy From Configurable"
"Country/State","Country/State"
"Create","Create"
"Create (Upload)","Create (Upload)"
"Create attribute set based on another set","Create attribute set based on another set"
"Create Empty","Create Empty"
"Create new attribute","Create new attribute"
"Create new category","Create new category"
"Create new product","Create new product"
"Create Permanent Redirect for old URL","Create Permanent Redirect for old URL"
"Create Permanent Redirect for URLs if URL Key Changed","Create Permanent Redirect for URLs if URL Key Changed"
"Create Product Settings","Create Product Settings"
"Create Simple Associated Product","Create Simple Associated Product"
"Cross-sells","Cross-sells"
"Custom Design","Custom Design"
"Customer Group","Customer Group"
"Customers Reviews","Customers Reviews"
"Customers Tagged Product","Customers Tagged Product"
"Custom Options","Custom Options"
"Custom options","Custom options"
"Data Type for Saving in Database","Data Type for Saving in Database"
"Date & Time Custom Options","Date & Time Custom Options"
"Date Subscribed","Date Subscribed"
"Datetime","Datetime"
"Decimal","Decimal"
"Declare attribute value saving scope","Declare attribute value saving scope"
"Default ""What's This"" Text Message","Default ""What's This"" Text Message"
"Default Popup Text Message","Default Popup Text Message"
"Default Price","Default Price"
"Default Price Navigation Step","Default Price Navigation Step"
"Default Qty","Default Qty"
"Default Values","Default Values"
"Defines the base currency scope (""Currency Setup"" > ""Currency Options"" > ""Base Currency"").","Defines the base currency scope (""Currency Setup"" > ""Currency Options"" > ""Base Currency"")."
"Delete","Delete"
"Delete Attribute","Delete Attribute"
"Delete attribute","Delete attribute"
"Delete Attribute Set","Delete Attribute Set"
"Delete Category","Delete Category"
"Delete category","Delete category"
"Delete File","Delete File"
"Delete Group Price","Delete Group Price"
"Delete product","Delete product"
"Delete Row","Delete Row"
"Delete Search","Delete Search"
"Delete Tier","Delete Tier"
"Depends on design theme","Depends on design theme"
"Description","Description"
"Design","Design"
"Details","Details"
"Disabled","Disabled"
"Disallowed file format.","Disallowed file format."
"Disallowed file type.","Disallowed file type."
"Display Actual Price","Display Actual Price"
"Display in Suggested Terms","Display in Suggested Terms"
"Display Page Control","Display Page Control"
"Display Price Interval as One Price","Display Price Interval as One Price"
"Display Product Count","Display Product Count"
"Display Type","Display Type"
"Downloadable Information","Downloadable Information"
"Do you want to duplicate the product images as well?","Do you want to duplicate the product images as well?"
"Do you want to duplicate the product images as well?","Do you want to duplicate the product images as well?"
"Duplicate","Duplicate"
"Duplicate Product","Duplicate Product"
"Duplicate website, country and state tax found.","Duplicate website, country and state tax found."
"Duplicate website group price customer group.","Duplicate website group price customer group."
"Duplicate website tier price customer group and quantity.","Duplicate website tier price customer group and quantity."
"Dynamic category processed successfully.","Dynamic category processed successfully."
"Dynamic Category Rules","Dynamic Category Rules"
"E.g. {{media url=""path/to/image.jpg""}} {{skin url=""path/to/picture.gif""}}. Dynamic directives parsing impacts catalog performance.","E.g. {{media url=""path/to/image.jpg""}} {{skin url=""path/to/picture.gif""}}. Dynamic directives parsing impacts catalog performance."
"each","each"
"Edit","Edit"
"Edit Attribute Set '%s'","Edit Attribute Set '%s'"
"Edit Product Attribute","Edit Product Attribute"
"Edit Product Attribute ""%s""","Edit Product Attribute ""%s"""
"Edit Search","Edit Search"
"Edit Search '%s'","Edit Search '%s'"
"Edit Set Name","Edit Set Name"
"Email","Email"
"Empty","Empty"
"Enable Add to cart Button in product listings","Enable Add to cart Button in product listings"
"Enabled","Enabled"
"Enable for reindexing a big number of SKUs.","Enable for reindexing a big number of SKUs."
"Enable MAP","Enable MAP"
"Enable Qty Increments","Enable Qty Increments"
"Enable WYSIWYG","Enable WYSIWYG"
"Error during retrieval of option value: %s","Error during retrieval of option value: %s"
"Error loading children: %s","Error loading children: %s"
"ex. http://domain.com","ex. http://domain.com"
"Exclude","Exclude"
"Expand All","Expand All"
"Failed","Failed"
"Failed to copy file %s. Please, delete media with non-existing images and try again.","Failed to copy file %s. Please, delete media with non-existing images and try again."
"Failed to move file: %s","Failed to move file: %s"
"Field is not complete","Field is not complete"
"File","File"
"File options format is not valid.","File options format is not valid."
"File upload failed","File upload failed"
"File upload failed. Please contact the store administrator.","File upload failed. Please contact the store administrator."
"File upload failed with error code: %s","File upload failed with error code: %s"
"Filter","Filter"
"Filterable (no results)","Filterable (no results)"
"Filterable (with results)","Filterable (with results)"
"Filter model name must be declared.","Filter model name must be declared."
"Filter must be an object. Please set correct filter.","Filter must be an object. Please set correct filter."
"Filters","Filters"
"First Name","First Name"
"Fixed","Fixed"
"For internal use.","For internal use."
"For the last time placed.","For the last time placed."
"From","From"
"Frontend","Frontend"
"Frontend Properties","Frontend Properties"
"Gallery","Gallery"
"General Information","General Information"
"Get full information about attribute with list of options","Get full information about attribute with list of options"
"Get full information about custom option in product","Get full information about custom option in product"
"Get list of available custom option types","Get list of available custom option types"
"Get list of non-default attributes by product type and attributes set","Get list of non-default attributes by product type and attributes set"
"Get list of possible attribute types","Get list of possible attribute types"
"Get special price","Get special price"
"Global","Global"
"Globally Editable","Globally Editable"
"Go to Home Page","Go to Home Page"
"Grid","Grid"
"Group add","Group add"
"Grouped Product","Grouped Product"
"Group remove","Group remove"
"Groups","Groups"
"Home","Home"
"HTML tags are not allowed in SKU attribute.","HTML tags are not allowed in SKU attribute."
"ID","ID"
"ID: %s","ID: %s"
"If empty, the Category Name will be used","If empty, the Category Name will be used"
"If empty, the Product Name will be used","If empty, the Product Name will be used"
"If you do not specify an option value for a specific store view then the default (Admin) value will be used.","If you do not specify an option value for a specific store view then the default (Admin) value will be used."
"Image","Image"
"Image content is not valid base64 data.","Image content is not valid base64 data."
"Image does not exist.","Image does not exist."
"Image type and information need to be specified for each store view.","Image type and information need to be specified for each store view."
"In Cart","In Cart"
"Incl. Tax","Incl. Tax"
"Indexed category/products association","Indexed category/products association"
"Index product and categories URL rewrites","Index product and categories URL rewrites"
"Index product attributes for layered navigation building","Index product attributes for layered navigation building"
"Index product prices","Index product prices"
"Info","Info"
"Info Column Options Wrapper","Info Column Options Wrapper"
"Input Type","Input Type"
"In Stock","In Stock"
"In stock","In stock"
"Integer","Integer"
"Internal Error","Internal Error"
"Interval Division Limit","Interval Division Limit"
"Invalid attribute %s","Invalid attribute %s"
"Invalid attribute option specified for attribute %s (%s), skipping the record.","Invalid attribute option specified for attribute %s (%s), skipping the record."
"Invalid attribute set specified, skipping the record.","Invalid attribute set specified, skipping the record."
"Invalid block: %s.","Invalid block: %s."
"Invalid category.","Invalid category."
"Invalid category IDs.","Invalid category IDs."
"Invalid custom option(s).","Invalid custom option(s)."
"Invalid image file type.","Invalid image file type."
"Invalid image type.","Invalid image type."
"Invalid option ID specified for %s (%s), skipping the record.","Invalid option ID specified for %s (%s), skipping the record."
"Invalid product collection resource.","Invalid product collection resource."
"Invalid product type specified, skipping the record.","Invalid product type specified, skipping the record."
"Invalid store specified","Invalid store specified"
"Invalid store specified, skipping the record.","Invalid store specified, skipping the record."
"Invalid Tier Prices","Invalid Tier Prices"
"Invalid tier prices. The product is not associated to the requested website.","Invalid tier prices. The product is not associated to the requested website."
"Inventory","Inventory"
"Is Default","Is Default"
"Is Required","Is Required"
"Items that you don't want to show in the catalog or search results should have status 'Disabled' in the desired store.","Items that you don't want to show in the catalog or search results should have status 'Disabled' in the desired store."
"Items that you do not want to show in the catalog or search results should have status 'Disabled' in the desired store.","Items that you do not want to show in the catalog or search results should have status 'Disabled' in the desired store."
"Keep Frame","Keep Frame"
"Label","Label"
"Last Name","Last Name"
"Last Notification","Last Notification"
"Layered Navigation","Layered Navigation"
"Learn More","Learn More"
"leave blank if its not an image","leave blank if its not an image"
"Line %d, Email: %s","Line %d, Email: %s"
"Line %d, SKU: %s","Line %d, SKU: %s"
"Link (Related, Up sell, Cross sell)","Link (Related, Up sell, Cross sell)"
"Link product does not exist.","Link product does not exist."
"Link to a Specified Category","Link to a Specified Category"
"Link to a Specified Product","Link to a Specified Product"
"List","List"
"List Mode","List Mode"
"List of Products that are set as New","List of Products that are set as New"
"List of types","List of types"
"Manage Attributes","Manage Attributes"
"Manage Attribute Sets","Manage Attribute Sets"
"Manage Catalog Categories","Manage Catalog Categories"
"Manage Categories","Manage Categories"
"Manage Label / Options","Manage Label / Options"
"Manage Options (values of your attribute)","Manage Options (values of your attribute)"
"Manage Product Attributes","Manage Product Attributes"
"Manage Products","Manage Products"
"Manage Product Sets","Manage Product Sets"
"Manage Stock","Manage Stock"
"Manage Titles (Size, Color, etc.)","Manage Titles (Size, Color, etc.)"
"Max Characters","Max Characters"
"Maximal Depth","Maximal Depth"
"Maximum allowed image size for '%s' is %sx%s px.","Maximum allowed image size for '%s' is %sx%s px."
"Maximum file size","Maximum file size"
"Maximum image height","Maximum image height"
"Maximum Image Size","Maximum Image Size"
"Maximum image width","Maximum image width"
"Maximum number of characters:","Maximum number of characters:"
"Maximum Number of Price Intervals","Maximum Number of Price Intervals"
"Maximum number of price intervals is 100","Maximum number of price intervals is 100"
"Maximum Qty Allowed in Shopping Cart","Maximum Qty Allowed in Shopping Cart"
"Maximum resolution for upload image","Maximum resolution for upload image"
"Maximum width and height dimension for upload image is %s.","Maximum width and height dimension for upload image is %s."
"Maximum width and height resolutions for upload image","Maximum width and height resolutions for upload image"
"Maximum width base product image will be scaled down to in pixels","Maximum width base product image will be scaled down to in pixels"
"Maximum width small product image will be scaled down to in pixels","Maximum width small product image will be scaled down to in pixels"
"Media Image","Media Image"
"Middle Name","Middle Name"
"Minimum Advertised Price","Minimum Advertised Price"
"Minimum Lines per Page","Minimum Lines per Page"
"Minimum Qty Allowed in Shopping Cart","Minimum Qty Allowed in Shopping Cart"
"Minimum Qty for Item's Status to be Out of Stock","Minimum Qty for Item's Status to be Out of Stock"
"Missing SKU, skipping the record.","Missing SKU, skipping the record."
"Move","Move"
"Move category in tree","Move category in tree"
"Multi update product","Multi update product"
"Must be in the allowed values list.","Must be in the allowed values list."
"My Account","My Account"
"N/A","N/A"
"Name","Name"
"Name in %s","Name in %s"
"New Product","New Product"
"New Product Attribute","New Product Attribute"
"New Products","New Products"
"New products","New products"
"New Products Grid Template","New Products Grid Template"
"New Products List Template","New Products List Template"
"New Root Category","New Root Category"
"New Search","New Search"
"New Subcategory","New Subcategory"
"Next","Next"
"No","No"
"No, without images","No, without images"
"No image","No image"
"No layout updates","No layout updates"
"None","None"
"No options of this product are available.","No options of this product are available."
"No product collections found.","No product collections found."
"Notify for Quantity Below","Notify for Quantity Below"
"Notify Low Stock RSS","Notify Low Stock RSS"
"Not Visible Individually","Not Visible Individually"
"Number of Products per Page","Number of Products per Page"
"Number of Products to Display","Number of Products to Display"
"Number of results","Number of results"
"Number of results (For the last time placed)","Number of results (For the last time placed)"
"Number of Uses","Number of Uses"
"On Gesture","On Gesture"
"Option:","Option:"
"Options","Options"
"Options Control","Options Control"
"Options is required","Options is required"
"Option validation failed to add product to cart.","Option validation failed to add product to cart."
"Option values","Option values"
"Out of Stock","Out of Stock"
"Out of stock","Out of stock"
"Pad resized images to exact dimensions with background color","Pad resized images to exact dimensions with background color"
"Page Title Separator","Page Title Separator"
"Parent category is equal to child category.","Parent category is equal to child category."
"Parent category was not found.","Parent category was not found."
"Parent Products","Parent Products"
"Pending","Pending"
"Pending Reviews RSS","Pending Reviews RSS"
"Percentage","Percentage"
"per page","per page"
"Please add rows to option.","Please add rows to option."
"Please click on the Close Window button if it is not closed automatically.","Please click on the Close Window button if it is not closed automatically."
"Please refresh ""Catalog URL Rewrites"" and ""Product Attributes"" in System -&gt; <a href=""%s"">Index Management</a>","Please refresh ""Catalog URL Rewrites"" and ""Product Attributes"" in System -&gt; <a href=""%s"">Index Management</a>"
"Please select a file for the required option ""%s"".","Please select a file for the required option ""%s""."
"Please select a parent category before adding a new one.","Please select a parent category before adding a new one."
"Please select a static block ...","Please select a static block ..."
"Please select items.","Please select items."
"Please select one or more attributes.","Please select one or more attributes."
"Please select product(s).","Please select product(s)."
"Please select products for attributes update","Please select products for attributes update"
"Please specify date required option <em>%s</em>.","Please specify date required option <em>%s</em>."
"Please specify the number of products, that will not be divided into subintervals.","Please specify the number of products, that will not be divided into subintervals."
"Please specify the product's option(s).","Please specify the product's option(s)."
"Please specify the product's required option(s).","Please specify the product's required option(s)."
"Please specify the product required option(s)","Please specify the product required option(s)"
"Please specify the product required option <em>%s</em>.","Please specify the product required option <em>%s</em>."
"Please specify the quantity of product(s).","Please specify the quantity of product(s)."
"Please specify time required option <em>%s</em>.","Please specify time required option <em>%s</em>."
"Please wait...","Please wait..."
"Position","Position"
"Position in Layered Navigation","Position in Layered Navigation"
"Position of attribute in layered navigation block","Position of attribute in layered navigation block"
"Prev","Prev"
"Previous","Previous"
"Price","Price"
"Price:","Price:"
"Price: %s","Price: %s"
"Price Navigation Step Calculation","Price Navigation Step Calculation"
"Price Type","Price Type"
"Price values for options should be specified in system base currency.","Price values for options should be specified in system base currency."
"Product","Product"
"Product Alerts","Product Alerts"
"Product API","Product API"
"Product Attribute","Product Attribute"
"Product Attributes","Product Attributes"
"Product attributes API","Product attributes API"
"Product attribute sets API","Product attribute sets API"
"Product Categories","Product Categories"
"Product collection expected.","Product collection expected."
"Product Extra Info","Product Extra Info"
"Product Flat Data","Product Flat Data"
"Product ID","Product ID"
"Product Image","Product Image"
"Product Image Placeholders","Product Image Placeholders"
"Product Images","Product Images"
"Product Images API","Product Images API"
"Product Image Watermarks","Product Image Watermarks"
"Product Info Column","Product Info Column"
"Product Information","Product Information"
"Product In Websites","Product In Websites"
"Product is not loaded","Product is not loaded"
"Product Link Block Template","Product Link Block Template"
"Product Link Inline Template","Product Link Inline Template"
"Product links API (related, cross sells, up sells)","Product links API (related, cross sells, up sells)"
"Product Listing Sort by","Product Listing Sort by"
"Product Name","Product Name"
"Product Prices","Product Prices"
"Product Reviews","Product Reviews"
"Products","Products"
"products","products"
"Products Comparison List","Products Comparison List"
"Products Information","Products Information"
"Products only","Products only"
"Products per Page on Grid Allowed Values","Products per Page on Grid Allowed Values"
"Products per Page on Grid Default Value","Products per Page on Grid Default Value"
"Products per Page on List Allowed Values","Products per Page on List Allowed Values"
"Products per Page on List Default Value","Products per Page on List Default Value"
"Products Reviews","Products Reviews"
"Products Sitemap","Products Sitemap"
"Product Tags","Product Tags"
"Product Tier Price API","Product Tier Price API"
"Product Type","Product Type"
"Product types API","Product types API"
"Product URL Suffix","Product URL Suffix"
"Product View Extra Hint","Product View Extra Hint"
"Product with this combination of attributes already associated to configurable.","Product with this combination of attributes already associated to configurable."
"Properties","Properties"
"px.","px."
"Qty","Qty"
"Qty:","Qty:"
"Qty for Item's Status to Become Out of Stock","Qty for Item's Status to Become Out of Stock"
"Qty Increments","Qty Increments"
"Qty Uses Decimals","Qty Uses Decimals"
"Quantity","Quantity"
"Quick Create","Quick Create"
"Quick simple product creation","Quick simple product creation"
"Records for ""%s"" store found.","Records for ""%s"" store found."
"Redirect","Redirect"
"Redirect URL","Redirect URL"
"Regular Price:","Regular Price:"
"Related Products","Related Products"
"Remove","Remove"
"Remove attribute from attribute set","Remove attribute from attribute set"
"Remove attribute set","Remove attribute set"
"Remove custom option","Remove custom option"
"Remove filter: %s","Remove filter: %s"
"Remove group from attribute set","Remove group from attribute set"
"Remove option","Remove option"
"Remove product assignment","Remove product assignment"
"Remove Product From Websites","Remove Product From Websites"
"Remove product image","Remove product image"
"Remove product link","Remove product link"
"Remove value from custom option","Remove value from custom option"
"Rename existing group","Rename existing group"
"Rename group","Rename group"
"Reorganize EAV category structure to flat structure","Reorganize EAV category structure to flat structure"
"Reorganize EAV product structure to flat structure","Reorganize EAV product structure to flat structure"
"Reset","Reset"
"Results","Results"
"Results per page","Results per page"
"Retrieve attribute data","Retrieve attribute data"
"Retrieve attribute list","Retrieve attribute list"
"Retrieve attribute options","Retrieve attribute options"
"Retrieve categories tree","Retrieve categories tree"
"Retrieve category attributes","Retrieve category attributes"
"Retrieve category data","Retrieve category data"
"Retrieve hierarchical tree","Retrieve hierarchical tree"
"Retrieve linked products","Retrieve linked products"
"Retrieve list of assigned products","Retrieve list of assigned products"
"Retrieve list of option values","Retrieve list of option values"
"Retrieve list of product custom options","Retrieve list of product custom options"
"Retrieve one level of categories by website/store view/parent category","Retrieve one level of categories by website/store view/parent category"
"Retrieve option value info","Retrieve option value info"
"Retrieve product","Retrieve product"
"Retrieve product attribute sets","Retrieve product attribute sets"
"Retrieve product image","Retrieve product image"
"Retrieve product image list","Retrieve product image list"
"Retrieve product image types","Retrieve product image types"
"Retrieve product link type attributes","Retrieve product link type attributes"
"Retrieve product link types","Retrieve product link types"
"Retrieve products data","Retrieve products data"
"Retrieve products list by filters","Retrieve products list by filters"
"Retrieve product tier prices","Retrieve product tier prices"
"Retrieve product types","Retrieve product types"
"Reviews","Reviews"
"Roll Over for preview","Roll Over for preview"
"Root","Root"
"Save","Save"
"save","save"
"Save and Continue Edit","Save and Continue Edit"
"Save Attribute","Save Attribute"
"Save Attribute Set","Save Attribute Set"
"Save Category","Save Category"
"Saved %d record(s)","Saved %d record(s)"
"Save Search","Save Search"
"Scope","Scope"
"Scope must not be changed, because the attribute is used in configurable products.","Scope must not be changed, because the attribute is used in configurable products."
"Search","Search"
"Searchable","Searchable"
"Search Engine Optimizations","Search Engine Optimizations"
"Search Information","Search Information"
"Search Query","Search Query"
"Search Term with such search query already exists.","Search Term with such search query already exists."
"See price before order confirmation.","See price before order confirmation."
"select all","select all"
"Select Category...","Select Category..."
"Select Configurable Attributes ","Select Configurable Attributes "
"Selected Product Types","Selected Product Types"
"Select Product...","Select Product..."
"Select type of option","Select type of option"
"Select type options required values rows.","Select type options required values rows."
"Send Count","Send Count"
"Set/Get current store view","Set/Get current store view"
"Set Ascending Direction","Set Ascending Direction"
"Set Descending Direction","Set Descending Direction"
"Set Name","Set Name"
"Set Root Category for Store","Set Root Category for Store"
"Set root category for this store in the <a href=""%s"">configuration</a>","Set root category for this store in the <a href=""%s"">configuration</a>"
"Set special price","Set special price"
"Settings","Settings"
"Show","Show"
"Show Details","Show Details"
"Show Tags","Show Tags"
"Simple Product","Simple Product"
"Site Map","Site Map"
"Sitemap","Sitemap"
"Skip import row, is not valid value ""%s"" for field ""%s""","Skip import row, is not valid value ""%s"" for field ""%s"""
"Skip import row, required field ""%s"" for the new customer is not defined.","Skip import row, required field ""%s"" for the new customer is not defined."
"Skip import row, the value ""%s"" is invalid for field ""%s""","Skip import row, the value ""%s"" is invalid for field ""%s"""
"Skipping import row, required field ""%s"" for new products is not defined.","Skipping import row, required field ""%s"" for new products is not defined."
"Skipping import row, required field ""%s"" is not defined.","Skipping import row, required field ""%s"" is not defined."
"Skipping import row, store ""%s"" field does not exist.","Skipping import row, store ""%s"" field does not exist."
"Skipping import row, the value ""%s"" is not valid for the ""%s"" field.","Skipping import row, the value ""%s"" is not valid for the ""%s"" field."
"SKU","SKU"
"SKU length should be %s characters maximum.","SKU length should be %s characters maximum."
"Small Image Width","Small Image Width"
"Some of the processed products have no SKU value defined. Please fill it prior to performing operations on these products.","Some of the processed products have no SKU value defined. Please fill it prior to performing operations on these products."
"Some of the selected item options are not currently available.","Some of the selected item options are not currently available."
"Sort By","Sort By"
"Sort Order","Sort Order"
"Special Expires On: %s","Special Expires On: %s"
"Special Price:","Special Price:"
"Special Price: %s","Special Price: %s"
"Static","Static"
"Static block and products","Static block and products"
"Static block only","Static block only"
"Status","Status"
"Stock Availability","Stock Availability"
"Store","Store"
"Store View","Store View"
"Stretch","Stretch"
"Subscribe to RSS Feed","Subscribe to RSS Feed"
"Super product attributes configuration","Super product attributes configuration"
"Synonym For","Synonym For"
"System Properties","System Properties"
"Tag Name","Tag Name"
"Tax","Tax"
"Template","Template"
"Text","Text"
"The attribute code '%s' is reserved by system. Please try another attribute code","The attribute code '%s' is reserved by system. Please try another attribute code"
"The attribute model is not defined","The attribute model is not defined"
"The attribute set has been saved.","The attribute set has been saved."
"The base directory to upload file is not specified.","The base directory to upload file is not specified."
"The category has been deleted.","The category has been deleted."
"The category has been saved.","The category has been saved."
"The comparison list was cleared.","The comparison list was cleared."
"The file was only partially uploaded. Please try again.","The file was only partially uploaded. Please try again."
"The file you uploaded is larger than %s Megabytes allowed by server","The file you uploaded is larger than %s Megabytes allowed by server"
"The filters must be an array.","The filters must be an array."
"The Flat Catalog module has a limit of %2$d filterable and/or sortable attributes. Currently there are %1$d of them. Please reduce the number of filterable/sortable attributes in order to use this module","The Flat Catalog module has a limit of %2$d filterable and/or sortable attributes. Currently there are %1$d of them. Please reduce the number of filterable/sortable attributes in order to use this module"
"The following file extensions are not allowed for security reasons: %s","The following file extensions are not allowed for security reasons: %s"
"The From Date value should be less than or equal to the To Date value.","The From Date value should be less than or equal to the To Date value."
"The image contents is not valid base64 data.","The image contents is not valid base64 data."
"The image is not specified.","The image is not specified."
"The model collection resource name is not defined.","The model collection resource name is not defined."
"The product %s has been added to comparison list.","The product %s has been added to comparison list."
"The product %s has been removed from comparison list.","The product %s has been removed from comparison list."
"The product attribute has been deleted.","The product attribute has been deleted."
"The product attribute has been saved.","The product attribute has been saved."
"The product has been created.","The product has been created."
"The product has been deleted.","The product has been deleted."
"The product has been duplicated.","The product has been duplicated."
"The product has been saved.","The product has been saved."
"The product has required options","The product has required options"
"There are no %s available.","There are no %s available."
"There are no customers for this alert","There are no customers for this alert"
"There are no customers for this alert.","There are no customers for this alert."
"There are no products matching the selection.","There are no products matching the selection."
"The review has been deleted","The review has been deleted"
"The review has been saved.","The review has been saved."
"The review was removed by another user or does not exist.","The review was removed by another user or does not exist."
"There was an error while request processing.","There was an error while request processing."
"The search was deleted.","The search was deleted."
"The text is too long","The text is too long"
"This attribute cannot be deleted.","This attribute cannot be deleted."
"This attribute cannot be edited.","This attribute cannot be edited."
"This attribute cannot be updated.","This attribute cannot be updated."
"This attribute is used in configurable products.","This attribute is used in configurable products."
"This Attribute no longer exists","This Attribute no longer exists"
"This attribute no longer exists","This attribute no longer exists"
"This attribute set no longer exists.","This attribute set no longer exists."
"This category no longer exists.","This category no longer exists."
"This is a required option","This is a required option"
"This product no longer exists.","This product no longer exists."
"This search no longer exists.","This search no longer exists."
"This setting will be applied when all prices in the specific price interval are equal.","This setting will be applied when all prices in the specific price interval are equal."
"Thumbnail","Thumbnail"
"Tier Pricing","Tier Pricing"
"Tile","Tile"
"Title","Title"
"To","To"
"Top/Left","Top/Left"
"Top/Right","Top/Right"
"To reindex the enabled product(s), the store or product must be specified","To reindex the enabled product(s), the store or product must be specified"
"To see product price, add this item to your cart. You can always remove it later.","To see product price, add this item to your cart. You can always remove it later."
"Total incl. Tax: %1$s","Total incl. Tax: %1$s"
"Total of %d record(s) have been deleted.","Total of %d record(s) have been deleted."
"Total of %d record(s) have been updated.","Total of %d record(s) have been updated."
"Total of %d record(s) were updated","Total of %d record(s) were updated"
"Type","Type"
"Unable to complete this request.","Unable to complete this request."
"Unable to find an attribute to delete.","Unable to find an attribute to delete."
"Unable to find a search term to delete.","Unable to find a search term to delete."
"Unable to get the product ID.","Unable to get the product ID."
"Unassigned Attributes","Unassigned Attributes"
"Unknown EAV indexer type ""%s"".","Unknown EAV indexer type ""%s""."
"unselect all","unselect all"
"Unsupported product type ""%s"".","Unsupported product type ""%s""."
"Up-sells","Up-sells"
"Update","Update"
"Update assigned product","Update assigned product"
"Update attribute","Update attribute"
"Update Attributes","Update Attributes"
"Update attributes","Update attributes"
"Update category","Update category"
"Update custom option of product","Update custom option of product"
"Update product","Update product"
"Update product image","Update product image"
"Update product link","Update product link"
"Update product tier prices","Update product tier prices"
"Update Tier Price","Update Tier Price"
"Update value of custom option","Update value of custom option"
"Upload new product image ","Upload new product image "
"URL Rewrite Management","URL Rewrite Management"
"Use Canonical Link Meta Tag For Categories","Use Canonical Link Meta Tag For Categories"
"Use Canonical Link Meta Tag For Products","Use Canonical Link Meta Tag For Products"
"Use Categories Path for Product URLs","Use Categories Path for Product URLs"
"Use config","Use config"
"Use Config Settings","Use Config Settings"
"Use default","Use default"
"Use Default Value","Use Default Value"
"Used for Sorting in Product Listing","Used for Sorting in Product Listing"
"Used in Product Listing","Used in Product Listing"
"Used to fill the frame when Keep Frame is enabled","Used to fill the frame when Keep Frame is enabled"
"Use Flat Catalog Category","Use Flat Catalog Category"
"Use Flat Catalog Product","Use Flat Catalog Product"
"Use for Promo Rule Conditions","Use for Promo Rule Conditions"
"Use four-digit year format. Used for min/max attributes on native date inputs.","Use four-digit year format. Used for min/max attributes on native date inputs."
"Use in Advanced Search","Use in Advanced Search"
"Use In Layered Navigation","Use In Layered Navigation"
"Use in Layered Navigation","Use in Layered Navigation"
"Use in Layered Navigation<br/>(Can be used only with catalog input type 'Dropdown')","Use in Layered Navigation<br/>(Can be used only with catalog input type 'Dropdown')"
"Use in Quick Search","Use in Quick Search"
"Use In Search Results Layered Navigation","Use In Search Results Layered Navigation"
"Use Static URLs for Media Content in WYSIWYG for Catalog","Use Static URLs for Media Content in WYSIWYG for Catalog"
"Use To Create Configurable Product","Use To Create Configurable Product"
"Use Tree Like Category Sitemap","Use Tree Like Category Sitemap"
"Value for ""%s"" is invalid.","Value for ""%s"" is invalid."
"Value for ""%s"" is invalid: %s","Value for ""%s"" is invalid: %s"
"Varchar","Varchar"
"View All Products","View All Products"
"View as","View as"
"View Details","View Details"
"View image %s","View image %s"
"Virtual Product","Virtual Product"
"Visibility","Visibility"
"Visible","Visible"
"Visible on Catalog Pages on Front-end","Visible on Catalog Pages on Front-end"
"Visible on Product View Page on Front-end","Visible on Product View Page on Front-end"
"Watermark","Watermark"
"Watermark Opacity, Percent","Watermark Opacity, Percent"
"Watermark Position","Watermark Position"
"Website","Website"
"Websites","Websites"
"What's this?","What's this?"
"When enabled, associated products are automatically recalculated when reindex runs.","When enabled, associated products are automatically recalculated when reindex runs."
"Whether to show ""All"" option in the ""Show X Per Page"" dropdown.","Whether to show ""All"" option in the ""Show X Per Page"" dropdown."
"Will make search for the query above return results for this search.","Will make search for the query above return results for this search."
"Wrong BuyRequest instance in options group.","Wrong BuyRequest instance in options group."
"Wrong configuration item instance in options group.","Wrong configuration item instance in options group."
"Wrong configuration item option instance in options group.","Wrong configuration item option instance in options group."
"Wrong option instance type in options group.","Wrong option instance type in options group."
"Wrong option type to get group instance.","Wrong option type to get group instance."
"Wrong product instance type in options group.","Wrong product instance type in options group."
"Wrong product type filter specified","Wrong product type filter specified"
"Wrong product type to extract configurable options.","Wrong product type to extract configurable options."
"WYSIWYG Editor","WYSIWYG Editor"
"x","x"
"Year Range","Year Range"
"Yes","Yes"
"Yes, with images","Yes, with images"
"You have no items to compare.","You have no items to compare."
"You may also be interested in the following product(s)","You may also be interested in the following product(s)"
"You saved the search term.","You saved the search term."
