"%s (Default Template from Locale)","%s (Default Template from Locale)"
"%s cache type(s) disabled.","%s cache type(s) disabled."
"%s cache type(s) enabled.","%s cache type(s) enabled."
"%s cache type(s) refreshed.","%s cache type(s) refreshed."
"(%s/%s/%s)","(%s/%s/%s)"
"(For Type ""Local Server"" need to use relative path to Magento install var/export or var/import, e.g. var/export, var/import, var/export/some/dir, var/import/some/dir)","(For Type ""Local Server"" need to use relative path to Magento install var/export or var/import, e.g. var/export, var/import, var/export/some/dir, var/import/some/dir)"
"(For US 2-letter state names)","(For US 2-letter state names)"
"(If left empty will be auto-generated)","(If left empty will be auto-generated)"
"(Leave empty for first spreadsheet)","(Leave empty for first spreadsheet)"
"(Products will be added/updated to this store if 'store' column is blank or missing in the import file.)","(Products will be added/updated to this store if 'store' column is blank or missing in the import file.)"
"(Starting with)","(Starting with)"
"(When 'No', only mapped fields will be imported. When mapping, use 'column1', 'column2', etc.)","(When 'No', only mapped fields will be imported. When mapping, use 'column1', 'column2', etc.)"
"(You have to increase php memory_limit before changing this value)","(You have to increase php memory_limit before changing this value)"
"(\\t for tab)","(\\t for tab)"
"* - If indexing is in progress, it will be killed and new indexing process will start.","* - If indexing is in progress, it will be killed and new indexing process will start."
"* Required Fields","* Required Fields"
"-- Not Selected --","-- Not Selected --"
"-- Please Select --","-- Please Select --"
"-- Please select --","-- Please select --"
"--Please Select--","--Please Select--"
"-- Please Select a Category --","-- Please Select a Category --"
"-- Please Select Billing Agreement--","-- Please Select Billing Agreement--"
"1 Hour","1 Hour"
"2 Hours","2 Hours"
"2FA verification code:","2FA verification code:"
"2FA verification code is invalid.","2FA verification code is invalid."
"2YTD","2YTD"
"6 Hours","6 Hours"
"12 Hours","12 Hours"
"12h AM/PM","12h AM/PM"
"24 Hours","24 Hours"
"24h","24h"
"<h1 class=""page-heading"">404 Error</h1><p>Page not found.</p>","<h1 class=""page-heading"">404 Error</h1><p>Page not found.</p>"
"<strong>%s</strong> requests access to your account","<strong>%s</strong> requests access to your account"
"Abandoned Carts","Abandoned Carts"
"Access Denied","Access Denied"
"Access denied","Access denied"
"Access denied.","Access denied."
"Account Created in:","Account Created in:"
"Account Created on (%s):","Account Created on (%s):"
"Account Created on:","Account Created on:"
"Account Information","Account Information"
"Account Status","Account Status"
"Account status","Account status"
"Action","Action"
"Actions","Actions"
"Actions XML","Actions XML"
"Active","Active"
"Add","Add"
"Add after","Add after"
"Add Exception","Add Exception"
"Add Field Mapping","Add Field Mapping"
"Add Field with URL:","Add Field with URL:"
"Additional Cache Management","Additional Cache Management"
"Add New","Add New"
"Add New Block","Add New Block"
"Add New Image","Add New Image"
"Add New Profile","Add New Profile"
"Add New Role","Add New Role"
"Add New Template","Add New Template"
"Add New URL Rewrite","Add New URL Rewrite"
"Add New User","Add New User"
"Add New Variable","Add New Variable"
"Add new variable","Add new variable"
"Add Products","Add Products"
"Address Type:","Address Type:"
"Add URL Rewrite","Add URL Rewrite"
"Add URL Rewrite for a Category","Add URL Rewrite for a Category"
"Add URL Rewrite for a Product","Add URL Rewrite for a Product"
"Admin","Admin"
"Advanced Profiles","Advanced Profiles"
"After authorization application will have access to you account.","After authorization application will have access to you account."
"Alert","Alert"
"All","All"
"All Allowed Countries","All Allowed Countries"
"All Cache","All Cache"
"All countries","All countries"
"All fields","All fields"
"Allowed","Allowed"
"All possible rates were fetched, please click on ""Save"" to apply","All possible rates were fetched, please click on ""Save"" to apply"
"All rates were fetched, please click on ""Save"" to apply","All rates were fetched, please click on ""Save"" to apply"
"All Reviews","All Reviews"
"All Store Views","All Store Views"
"All Tags","All Tags"
"All valid rates have been saved.","All valid rates have been saved."
"All Websites","All Websites"
"Always (during development)","Always (during development)"
"Amounts","Amounts"
" and "," and "
"An error occurred: %s","An error occurred: %s"
"An error occurred while adding condition.","An error occurred while adding condition."
"An error occurred while clearing the configurable swatches image cache.","An error occurred while clearing the configurable swatches image cache."
"An error occurred while clearing the image cache.","An error occurred while clearing the image cache."
"An error occurred while clearing the minified CSS/JS cache.","An error occurred while clearing the minified CSS/JS cache."
"An error occurred while deleting email template data. Please review log and try again.","An error occurred while deleting email template data. Please review log and try again."
"An error occurred while deleting record(s).","An error occurred while deleting record(s)."
"An error occurred while deleting this role.","An error occurred while deleting this role."
"An error occurred while deleting this set.","An error occurred while deleting this set."
"An error occurred while deleting this template.","An error occurred while deleting this template."
"An error occurred while deleting URL Rewrite.","An error occurred while deleting URL Rewrite."
"An error occurred while finishing process. Please refresh the cache","An error occurred while finishing process. Please refresh the cache"
"An error occurred while logging in.","An error occurred while logging in."
"An error occurred while rebuilding the catalog index.","An error occurred while rebuilding the catalog index."
"An error occurred while rebuilding the CatalogInventory Stock Status.","An error occurred while rebuilding the CatalogInventory Stock Status."
"An error occurred while rebuilding the flat catalog category.","An error occurred while rebuilding the flat catalog category."
"An error occurred while rebuilding the flat product catalog.","An error occurred while rebuilding the flat product catalog."
"An error occurred while rebuilding the search index.","An error occurred while rebuilding the search index."
"An error occurred while refreshing roles.","An error occurred while refreshing roles."
"An error occurred while refreshing the Catalog Rewrites.","An error occurred while refreshing the Catalog Rewrites."
"An error occurred while refreshing the catalog rewrites.","An error occurred while refreshing the catalog rewrites."
"An error occurred while refreshing the Layered Navigation indices.","An error occurred while refreshing the Layered Navigation indices."
"An error occurred while refreshing the layered navigation indices.","An error occurred while refreshing the layered navigation indices."
"An error occurred while saving account.","An error occurred while saving account."
"An error occurred while saving review.","An error occurred while saving review."
"An error occurred while saving the customer.","An error occurred while saving the customer."
"An error occurred while saving this configuration:","An error occurred while saving this configuration:"
"An error occurred while saving this role.","An error occurred while saving this role."
"An error occurred while saving this template.","An error occurred while saving this template."
"An error occurred while saving URL Rewrite.","An error occurred while saving URL Rewrite."
"An error occurred while sending the test email.","An error occurred while sending the test email."
"An error occurred while updating the email address.","An error occurred while updating the email address."
"An error occurred while updating the selected review(s).","An error occurred while updating the selected review(s)."
"Any","Any"
"Any Attribute Set","Any Attribute Set"
"Any Group","Any Group"
"Any Status","Any Status"
"Any Type","Any Type"
"Any Visibility","Any Visibility"
"API Key","API Key"
"API Key Confirmation","API Key Confirmation"
"Archive file name:","Archive file name:"
"Area","Area"
"Are you sure you want to do this?","Are you sure you want to do this?"
"ASCII","ASCII"
"Assigned","Assigned"
"Associated Tags","Associated Tags"
"At least one currency has to be allowed.","At least one currency has to be allowed."
"Attributes","Attributes"
"Attribute Set Name:","Attribute Set Name:"
"A user with the same user name or email already exists.","A user with the same user name or email already exists."
"Authorization confirmed","Authorization confirmed"
"Authorize","Authorize"
"Authorize application","Authorize application"
"Authorized OAuth Tokens","Authorized OAuth Tokens"
"Automatic (equalize price ranges)","Automatic (equalize price ranges)"
"Automatic (equalize product counts)","Automatic (equalize product counts)"
"Average","Average"
"Average Order Amount","Average Order Amount"
"Back","Back"
"Backend Locale","Backend Locale"
"Base currency","Base currency"
"Bcc","Bcc"
"Bestsellers","Bestsellers"
"Billing Address","Billing Address"
"Billing Address: ","Billing Address: "
"Billing Agreement","Billing Agreement"
"Billing Agreements","Billing Agreements"
"BINARY","BINARY"
"Block Details","Block Details"
"Block has been deleted.","Block has been deleted."
"Block Information","Block Information"
"Block Name","Block Name"
"Block Name is disallowed.","Block Name is disallowed."
"Block Name is incorrect.","Block Name is incorrect."
"Block Name is required field.","Block Name is required field."
"Blocks","Blocks"
"Both (without and with tax)","Both (without and with tax)"
"Browse Files...","Browse Files..."
"Bundle with dynamic pricing cannot include custom defined options. Options will not be saved.","Bundle with dynamic pricing cannot include custom defined options. Options will not be saved."
"By Email","By Email"
"By IP","By IP"
"By IP and Email","By IP and Email"
"Cache Control","Cache Control"
"Cache Control (beta)","Cache Control (beta)"
"Cache Management","Cache Management"
"Cache Type","Cache Type"
"Cancel","Cancel"
"Cannot add new comment.","Cannot add new comment."
"Cannot add tracking number.","Cannot add tracking number."
"Cannot create an invoice without products.","Cannot create an invoice without products."
"Cannot create credit memo for the order.","Cannot create credit memo for the order."
"Cannot delete the design change.","Cannot delete the design change."
"Cannot delete tracking number.","Cannot delete tracking number."
"Cannot do shipment for the order.","Cannot do shipment for the order."
"Cannot do shipment for the order separately from invoice.","Cannot do shipment for the order separately from invoice."
"Cannot initialize shipment for adding tracking number.","Cannot initialize shipment for adding tracking number."
"Cannot initialize shipment for delete tracking number.","Cannot initialize shipment for delete tracking number."
"Cannot load track with retrieving identifier.","Cannot load track with retrieving identifier."
"Cannot retrieve tracking number detail.","Cannot retrieve tracking number detail."
"Cannot save shipment.","Cannot save shipment."
"Cannot save the credit memo.","Cannot save the credit memo."
"Cannot send shipment information.","Cannot send shipment information."
"Cannot update item quantity.","Cannot update item quantity."
"Cannot update the item's quantity.","Cannot update the item's quantity."
"Card Verification Number","Card Verification Number"
"Catalog","Catalog"
"Catalog Price Rules","Catalog Price Rules"
"Catalog Rewrites","Catalog Rewrites"
"Categories","Categories"
"Category","Category"
"Category:","Category:"
"Change Password","Change Password"
"Chart is disabled. If you want to enable chart, click <a href=""%s"">here</a>.","Chart is disabled. If you want to enable chart, click <a href=""%s"">here</a>."
"Checkbox","Checkbox"
"Child Transactions","Child Transactions"
"Choose an attribute","Choose an attribute"
"Choose Store View:","Choose Store View:"
"Chosen category does not associated with any website, so url rewrite is not possible.","Chosen category does not associated with any website, so url rewrite is not possible."
"Chosen product does not associated with any website, so url rewrite is not possible.","Chosen product does not associated with any website, so url rewrite is not possible."
"Clear","Clear"
"Close","Close"
"close","close"
"CMS","CMS"
"Code","Code"
"Comment text field cannot be empty.","Comment text field cannot be empty."
"Config form fieldset clone model required to be able to clone fields","Config form fieldset clone model required to be able to clone fields"
"Configuration","Configuration"
"Confirmation Of Authorization","Confirmation Of Authorization"
"Confirmed email:","Confirmed email:"
"Confirm New Password","Confirm New Password"
"Confirm token authorization for admin","Confirm token authorization for admin"
"Confirm token authorization Pop Up for admin","Confirm token authorization Pop Up for admin"
"Continue","Continue"
"Convert to Plain Text","Convert to Plain Text"
"Country","Country"
"Country:","Country:"
"Coupon Discount (Formatted Text)","Coupon Discount (Formatted Text)"
"Coupon Discount Amount (Raw Number)","Coupon Discount Amount (Raw Number)"
"Coupons","Coupons"
"Create","Create"
"Created At","Created At"
"Create DB Backup","Create DB Backup"
"Create URL Rewrite:","Create URL Rewrite:"
"Credit Card %s","Credit Card %s"
"Credit Card Number","Credit Card Number"
"Credit Card Type","Credit Card Type"
"Credit memo #%s comment added","Credit memo #%s comment added"
"Credit memo #%s created","Credit memo #%s created"
"Credit memo's total must be positive.","Credit memo's total must be positive."
"Credit Memo History","Credit Memo History"
"Credit Memos","Credit Memos"
"Credit Memo Totals","Credit Memo Totals"
"CRITICAL","CRITICAL"
"Critical","Critical"
"critical","critical"
"CSV","CSV"
"CSV / Tab separated","CSV / Tab separated"
"Currency","Currency"
"Currency ""%s"" is used as %s in %s.","Currency ""%s"" is used as %s in %s."
"Currency doesn't exist.","Currency doesn't exist."
"Currency Information","Currency Information"
"Current Admin Password","Current Admin Password"
"Current Configuration Scope:","Current Configuration Scope:"
"Current Month","Current Month"
"Current password field cannot be empty.","Current password field cannot be empty."
"Custom","Custom"
"Customer","Customer"
"Customer email address changed from %s to %s by %s.","Customer email address changed from %s to %s by %s."
"Customer Group:","Customer Group:"
"Customer Groups","Customer Groups"
"Customer Name","Customer Name"
"Customer Reviews","Customer Reviews"
"Customers","Customers"
"Customers by Number of Orders","Customers by Number of Orders"
"Customers by Orders Total","Customers by Orders Total"
"Customer Shopping Carts","Customer Shopping Carts"
"Customer Since:","Customer Since:"
"Customer Tax Classes","Customer Tax Classes"
"Customer with the same email already exists.","Customer with the same email already exists."
"Custom Symbol","Custom Symbol"
"Custom Variable ""%s""","Custom Variable ""%s"""
"Custom Variables","Custom Variables"
"Dashboard","Dashboard"
"Database","Database"
"Dataflow - Advanced Profiles","Dataflow - Advanced Profiles"
"Dataflow - Profiles","Dataflow - Profiles"
"Data Format","Data Format"
"Data transfer:","Data transfer:"
"Date","Date"
"Date & Time","Date & Time"
"Date Added","Date Added"
"Date Updated","Date Updated"
"Day","Day"
"Debug","Debug"
"Decimal separator:","Decimal separator:"
"Default (Admin) Values","Default (Admin) Values"
"Default Billing Address","Default Billing Address"
"Default Config","Default Config"
"Default display currency ""%s"" is not available in allowed currencies.","Default display currency ""%s"" is not available in allowed currencies."
"Default scope","Default scope"
"Default Symbol","Default Symbol"
"Default Template from Locale","Default Template from Locale"
"Default Values","Default Values"
"Delete","Delete"
"Delete %s","Delete %s"
"Delete %s '%s'","Delete %s '%s'"
"Delete Block","Delete Block"
"Delete File","Delete File"
"Delete Image","Delete Image"
"Delete Profile","Delete Profile"
"Delete Role","Delete Role"
"Delete Store","Delete Store"
"Delete Store View","Delete Store View"
"Delete Template","Delete Template"
"Delete User","Delete User"
"Delete Variable","Delete Variable"
"Delete Website","Delete Website"
"Description","Description"
"Design","Design"
"Details","Details"
"Direction:","Direction:"
"Disable","Disable"
"Disable All Email Communications","Disable All Email Communications"
"Disabled","Disabled"
"Disallowed block name for frontend.","Disallowed block name for frontend."
"Display default currency","Display default currency"
"Do nothing","Do nothing"
"Download","Download"
"Downloads","Downloads"
"Do you really want to KILL parallel process and start new indexing process?","Do you really want to KILL parallel process and start new indexing process?"
"Drop-down","Drop-down"
"Edit","Edit"
"Edit Block","Edit Block"
"Edit Block '%s'","Edit Block '%s'"
"Edit Design Change","Edit Design Change"
"Edit Email Template","Edit Email Template"
"Edit Order","Edit Order"
"Edit Queue","Edit Queue"
"Edit Review","Edit Review"
"Edit Role","Edit Role"
"Edit Store View","Edit Store View"
"Edit System Template","Edit System Template"
"Edit Template","Edit Template"
"Edit URL Rewrite","Edit URL Rewrite"
"Edit User","Edit User"
"Edit User '%s'","Edit User '%s'"
"Edit Variable","Edit Variable"
"Edit Variable '%s'","Edit Variable '%s'"
"Edit Website","Edit Website"
"Email","Email"
"Email:","Email:"
"Email Address:","Email Address:"
"Email can only be changed for guest orders.","Email can only be changed for guest orders."
"Email transport is disabled. Please configure an email transport in Mail Sending Settings.","Email transport is disabled. Please configure an email transport in Mail Sending Settings."
"Emergency","Emergency"
"Enable","Enable"
"Enable 2FA","Enable 2FA"
"Enabled","Enabled"
"Enable Password Authentication","Enable Password Authentication"
"Enclose Values In:","Enclose Values In:"
"Engagement","Engagement"
"Enter current password and press ""Save Account"" to confirm passkey change.","Enter current password and press ""Save Account"" to confirm passkey change."
"Enter new email address:","Enter new email address:"
"Entity Attributes","Entity Attributes"
"Entity Type","Entity Type"
"Entity type:","Entity type:"
"Entry & Exit Pages","Entry & Exit Pages"
"Error","Error"
"example: ""sitemap/"" or ""/"" for base path (path must be writeable)","example: ""sitemap/"" or ""/"" for base path (path must be writeable)"
"example: sitemap.xml","example: sitemap.xml"
"Excel XML","Excel XML"
"Excl. Tax","Excl. Tax"
"Excl. Tax:","Excl. Tax:"
"Expiration Date","Expiration Date"
"Export","Export"
"Export:","Export:"
"Export CSV","Export CSV"
"Export Filters","Export Filters"
"Export to:","Export to:"
"Failed","Failed"
"failed","failed"
"Failed to add a product to cart by id ""%s"".","Failed to add a product to cart by id ""%s""."
"Failed to cancel the billing agreement.","Failed to cancel the billing agreement."
"Failed to delete the billing agreement.","Failed to delete the billing agreement."
"Failed to send test email. Please check your email configuration and error logs.","Failed to send test email. Please check your email configuration and error logs."
"Failed to update the profile.","Failed to update the profile."
"Field","Field"
"Field Mapping","Field Mapping"
"File","File"
"File Information","File Information"
"File mode","File mode"
"File name:","File name:"
"File System","File System"
"Finished profile execution.","Finished profile execution."
"First Invoice Created Date","First Invoice Created Date"
"First Name","First Name"
"First Name:","First Name:"
"First Name is required field.","First Name is required field."
"Fixed","Fixed"
"Flush Catalog Images Cache","Flush Catalog Images Cache"
"Flush Minified CSS/JS Cache","Flush Minified CSS/JS Cache"
"Flush Swatch Images Cache","Flush Swatch Images Cache"
"For category","For category"
"Forgot Admin Password","Forgot Admin Password"
"Forgot your password?","Forgot your password?"
"Forgot your user name or password?","Forgot your user name or password?"
"For product","For product"
"From","From"
"from","from"
"FTP Host[:Port]","FTP Host[:Port]"
"General Information","General Information"
"Give the verifier code to application administrator","Give the verifier code to application administrator"
"GLOBAL","GLOBAL"
"Global Record Search","Global Record Search"
"Global Search","Global Search"
"Google Sitemaps","Google Sitemaps"
"Go to messages inbox","Go to messages inbox"
"Go to notifications","Go to notifications"
"Grand Total","Grand Total"
"Grid (default) / List","Grid (default) / List"
"Grid Only","Grid Only"
"Group:","Group:"
"Guest","Guest"
"Helper attributes should not be used in custom layout updates.","Helper attributes should not be used in custom layout updates."
"Helper for options rendering doesn't implement required interface.","Helper for options rendering doesn't implement required interface."
"Home","Home"
"HTTP (unsecure)","HTTP (unsecure)"
"HTTPS (SSL)","HTTPS (SSL)"
"ID","ID"
"Id","Id"
"ID Path","ID Path"
"If there is an account associated with %s you will receive an email with a link to reset your password.","If there is an account associated with %s you will receive an email with a link to reset your password."
"If this message persists, please contact the store owner.","If this message persists, please contact the store owner."
"If you do not specify an option value for a specific store view then the default (Admin) value will be used.","If you do not specify an option value for a specific store view then the default (Admin) value will be used."
"Images Cache","Images Cache"
"Import","Import"
"Import/Export","Import/Export"
"Import/Export Advanced","Import/Export Advanced"
"Import/Export Profile","Import/Export Profile"
"Import and Export","Import and Export"
"Import and Export Tax Rates","Import and Export Tax Rates"
"Important: ","Important: "
"Imported <strong>%s</strong> records","Imported <strong>%s</strong> records"
"Import Service","Import Service"
"In","In"
"Inactive","Inactive"
"Incl. Tax","Incl. Tax"
"Incl. Tax:","Incl. Tax:"
"Incoming Message","Incoming Message"
"In Database:","In Database:"
"In File:","In File:"
"Informational","Informational"
"Input fields (from - to)","Input fields (from - to)"
"Insert Variable...","Insert Variable..."
"Interactive","Interactive"
"Interface Locale: %s","Interface Locale: %s"
"Internal Error","Internal Error"
"Invalid 2FA verification code","Invalid 2FA verification code"
"Invalidated","Invalidated"
"Invalid current password.","Invalid current password."
"Invalid data","Invalid data"
"Invalid email address ""%s"".","Invalid email address ""%s""."
"Invalid email address.","Invalid email address."
"Invalid email address.","Invalid email address."
"Invalid field name '%s', must not be one of NOT, AND, OR, XOR","Invalid field name '%s', must not be one of NOT, AND, OR, XOR"
"Invalid Form Key. Please refresh the page.","Invalid Form Key. Please refresh the page."
"Invalid Import Service Specified","Invalid Import Service Specified"
"Invalid input data for %s => %s rate","Invalid input data for %s => %s rate"
"Invalid operator '%s', must be one of NOT, AND, OR, XOR","Invalid operator '%s', must be one of NOT, AND, OR, XOR"
"Invalid parent block for this block","Invalid parent block for this block"
"Invalid parent block for this block.","Invalid parent block for this block."
"Invalid password reset token.","Invalid password reset token."
"Invalid POST data (please check post_max_size and upload_max_filesize settings in your php.ini file).","Invalid POST data (please check post_max_size and upload_max_filesize settings in your php.ini file)."
"Invalid request method","Invalid request method"
"Invalid response","Invalid response"
"Invalid Secret Key. Please refresh the page.","Invalid Secret Key. Please refresh the page."
"Invalid sender name ""%s"". Please use only visible characters and spaces.","Invalid sender name ""%s"". Please use only visible characters and spaces."
"Invalid template data.","Invalid template data."
"Invalid template path used in layout update.","Invalid template path used in layout update."
"Invalid timezone","Invalid timezone"
"Invalid User Name or Password.","Invalid User Name or Password."
"Inventory Stock Status","Inventory Stock Status"
"Invoice #%s comment added","Invoice #%s comment added"
"Invoice #%s created","Invoice #%s created"
"Invoice canceling error.","Invoice canceling error."
"Invoice capturing error.","Invoice capturing error."
"Invoice History","Invoice History"
"Invoices","Invoices"
"Invoice Totals","Invoice Totals"
"Invoice voiding error.","Invoice voiding error."
"IP Address","IP Address"
"IPN (Instant Payment Notification) Only","IPN (Instant Payment Notification) Only"
"Is Allowed","Is Allowed"
"Is Allowed is required field.","Is Allowed is required field."
"Is Closed","Is Closed"
"Is Default","Is Default"
"Issue Number","Issue Number"
"Items","Items"
"JavaScript/CSS","JavaScript/CSS"
"JavaScript/CSS Cache","JavaScript/CSS Cache"
"Languages","Languages"
"Last 5 Orders","Last 5 Orders"
"Last 5 Search Terms","Last 5 Search Terms"
"Last 7 Days","Last 7 Days"
"Last 24 Hours","Last 24 Hours"
"Last Credit Memo Created Date","Last Credit Memo Created Date"
"Last Invoice Created Date","Last Invoice Created Date"
"Last Logged In (%s):","Last Logged In (%s):"
"Last Logged In:","Last Logged In:"
"Last Name","Last Name"
"Last Name:","Last Name:"
"Last Name is required field.","Last Name is required field."
"Last updated: %s. To refresh last day's <a href=""%s"">statistics</a>, click <a href=""%s"">here</a>.","Last updated: %s. To refresh last day's <a href=""%s"">statistics</a>, click <a href=""%s"">here</a>."
"Latest Message:","Latest Message:"
"Layered Navigation Indices","Layered Navigation Indices"
"Layered Navigation Indices were refreshed.","Layered Navigation Indices were refreshed."
"Leave empty to use tax identifier","Leave empty to use tax identifier"
"Lifetime","Lifetime"
"Lifetime Sales","Lifetime Sales"
"Lifetime statistics have been updated.","Lifetime statistics have been updated."
"Links","Links"
"Links with associated products will retain only after saving current product.","Links with associated products will retain only after saving current product."
"List (default) / Grid","List (default) / Grid"
"List Only","List Only"
"Load default template","Load default template"
"Loading...","Loading..."
"Load Template","Load Template"
"Local/Remote Server","Local/Remote Server"
"Locale","Locale"
"Local Server","Local Server"
"Log In","Log In"
"Login","Login"
"Log in to Admin Panel","Log in to Admin Panel"
"Log into Maho Admin Page","Log into Maho Admin Page"
"Log in to use <strong>%s</strong>","Log in to use <strong>%s</strong>"
"Login with Passkey","Login with Passkey"
"Log Out","Log Out"
"Low Stock","Low Stock"
"Maho Admin","Maho Admin"
"Maho Test Email","Maho Test Email"
"MAJOR","MAJOR"
"major","major"
"Make sure that data encoding in the file is consistent and saved in one of supported encodings (UTF-8 or ANSI).","Make sure that data encoding in the file is consistent and saved in one of supported encodings (UTF-8 or ANSI)."
"Manage Attributes","Manage Attributes"
"Manage Attribute Sets","Manage Attribute Sets"
"Manage Categories","Manage Categories"
"Manage Content","Manage Content"
"Manage Currency Rates","Manage Currency Rates"
"Manage Customers","Manage Customers"
"Manage Options (values of your attribute)","Manage Options (values of your attribute)"
"Manage Ratings","Manage Ratings"
"Manage Stores","Manage Stores"
"Manage Tax Rules","Manage Tax Rules"
"Manage Tax Zones and Rates","Manage Tax Zones and Rates"
"Manage Titles (Size, Color, etc.)","Manage Titles (Size, Color, etc.)"
"Manual","Manual"
"Matched Expression","Matched Expression"
"Maximum sender name length is 255. Please correct your settings.","Maximum sender name length is 255. Please correct your settings."
"Messages Inbox","Messages Inbox"
"Minified CSS and JavaScript files.","Minified CSS and JavaScript files."
"MINOR","MINOR"
"minor","minor"
"Missing required fields","Missing required fields"
"Month","Month"
"Most Viewed","Most Viewed"
"Most Viewed Products","Most Viewed Products"
"MS Excel XML","MS Excel XML"
"Multiple Select","Multiple Select"
"My Account","My Account"
"My Applications","My Applications"
"N/A","N/A"
"Name","Name"
"Name:","Name:"
"Name on Card","Name on Card"
"Network Error. Please refresh the page.","Network Error. Please refresh the page."
"Never (production)","Never (production)"
"New ","New "
"New Accounts","New Accounts"
"New API Key","New API Key"
"New Attribute","New Attribute"
"New Block","New Block"
"New block","New block"
"New Category","New Category"
"New Class","New Class"
"New Condition","New Condition"
"New Customer","New Customer"
"New Customers","New Customers"
"New Custom Variable","New Custom Variable"
"New Design Change","New Design Change"
"New Email Template","New Email Template"
"New Group","New Group"
"New Invoice","New Invoice"
"New Memo","New Memo"
"New Memo for #%s","New Memo for #%s"
"New Page","New Page"
"New Password","New Password"
"New Password Confirmation","New Password Confirmation"
"New password field cannot be empty.","New password field cannot be empty."
"New Profile","New Profile"
"New Rate","New Rate"
"New Rating","New Rating"
"New Review","New Review"
"New Role","New Role"
"New Rule","New Rule"
"New Search","New Search"
"New Set","New Set"
"New Shipment","New Shipment"
"New Sitemap","New Sitemap"
"Newsletter","Newsletter"
"Newsletter Problems","Newsletter Problems"
"Newsletter Queue","Newsletter Queue"
"Newsletter Subscribers","Newsletter Subscribers"
"Newsletter Templates","Newsletter Templates"
"New Store View","New Store View"
"New System Template","New System Template"
"New Tag","New Tag"
"New Template","New Template"
"New User","New User"
"New Variable","New Variable"
"New Website","New Website"
"No","No"
"No (price without tax)","No (price without tax)"
"No change","No change"
"No customer id defined.","No customer id defined."
"No Data Found","No Data Found"
"No information available.","No information available."
"None","None"
"No profile loaded...","No profile loaded..."
"No records found.","No records found."
"No records found for this period.","No records found for this period."
"No report code specified.","No report code specified."
"No search keywords.","No search keywords."
"No search modules were registered","No search modules were registered"
"Not allowed","Not allowed"
"Not authenticated","Not authenticated"
"Note:","Note:"
"No Templates Found","No Templates Found"
"NOTICE","NOTICE"
"Notice","Notice"
"notice","notice"
"Notifications","Notifications"
"Number of Orders","Number of Orders"
"Number of records:","Number of records:"
"Number of Uses","Number of Uses"
"Number of Views","Number of Views"
"OAuth authorization for admin","OAuth authorization for admin"
"OAuth authorization simple for admin","OAuth authorization simple for admin"
"OAuth Consumers","OAuth Consumers"
"Old rate:","Old rate:"
"Once you log into your PayPal Advanced account, navigate to the Service Settings - Hosted Checkout Pages - Set Up menu and set the options described below","Once you log into your PayPal Advanced account, navigate to the Service Settings - Hosted Checkout Pages - Set Up menu and set the options described below"
"Once you log into your PayPal Payflow Link account, navigate to the Service Settings - Hosted Checkout Pages - Set Up menu and set the options described below","Once you log into your PayPal Payflow Link account, navigate to the Service Settings - Hosted Checkout Pages - Set Up menu and set the options described below"
"One or more of the Cache Types are invalidated:","One or more of the Cache Types are invalidated:"
"Online Customers","Online Customers"
"Only attributes with scope ""Global"", input type ""Dropdown"" and Use To Create Configurable Product ""Yes"" are available.","Only attributes with scope ""Global"", input type ""Dropdown"" and Use To Create Configurable Product ""Yes"" are available."
"Only from same domain","Only from same domain"
"Only mapped fields","Only mapped fields"
"Only Once (version upgrade)","Only Once (version upgrade)"
"Optional","Optional"
"Optional region for providers that support it (e.g. us-east-1 for AWS)","Optional region for providers that support it (e.g. us-east-1 for AWS)"
"Options","Options"
"Options is required","Options is required"
"Order","Order"
"Order #%s","Order #%s"
"Order #%s (%s)","Order #%s (%s)"
"Order Created Date","Order Created Date"
"Order ID","Order ID"
"Orders","Orders"
"Order Totals","Order Totals"
"Order Updated Date","Order Updated Date"
"Order Updated Date report is real-time, does not need statistics refreshing.","Order Updated Date report is real-time, does not need statistics refreshing."
"Original Magento attribute names in first row:","Original Magento attribute names in first row:"
"Orphaned Role Resource","Orphaned Role Resource"
"Orphaned Role Resources","Orphaned Role Resources"
"Out of stock","Out of stock"
"Pages","Pages"
"Parent Product Thumbnail","Parent Product Thumbnail"
"Parent Transaction ID","Parent Transaction ID"
"Passive mode","Passive mode"
"Passkey Active","Passkey Active"
"Passkey Authentication","Passkey Authentication"
"Passkey credential already registered to another user.","Passkey credential already registered to another user."
"Passkey will be deleted upon saving.","Passkey will be deleted upon saving."
"Passkey will be registered upon saving.","Passkey will be registered upon saving."
"Password","Password"
"Password:","Password:"
"Password Confirmation","Password Confirmation"
"Password confirmation must be same as password.","Password confirmation must be same as password."
"Password must be at least of %d characters.","Password must be at least %d characters."
"Password must include both numeric and alphabetic characters.","Password must include both numeric and alphabetic characters."
"Path:","Path:"
"Payment method instance is not available.","Payment method instance is not available."
"Payment method is not available.","Payment method is not available."
"Payment method must be specified.","Payment method must be specified."
"Pending Reviews","Pending Reviews"
"Pending Tags","Pending Tags"
"Percent","Percent"
"Performed At","Performed At"
"Period","Period"
"Per Item","Per Item"
"Permanent (301)","Permanent (301)"
"Permissions","Permissions"
"Per Order","Per Order"
"Personal Information","Personal Information"
"Phone:","Phone:"
"Please confirm site switching. All data that hasn't been saved will be lost.","Please confirm site switching. All data that hasn't been saved will be lost."
"Please enter 6 or more characters.","Please enter 6 or more characters."
"Please enter another credit card number to complete your purchase.","Please enter another credit card number to complete your purchase."
"Please enter a number greater than 0 in this field.","Please enter a number greater than 0 in this field."
"Please enter a valid $ amount. For example $100.00.","Please enter a valid $ amount. For example $100.00."
"Please enter a valid credit card number.","Please enter a valid credit card number."
"Please enter a valid date.","Please enter a valid date."
"Please enter a valid email.","Please enter a valid email."
"Please enter a valid email address. For example johndoe@domain.com.","Please enter a valid email address. For example johndoe@domain.com."
"Please enter a valid number in this field.","Please enter a valid number in this field."
"Please enter a valid phone number. For example (123) 456-7890 or 123-456-7890.","Please enter a valid phone number. For example (123) 456-7890 or 123-456-7890."
"Please enter a valid social security number. For example 123-45-6789.","Please enter a valid social security number. For example 123-45-6789."
"Please enter a valid URL. For example http://www.example.com or www.example.com","Please enter a valid URL. For example http://www.example.com or www.example.com"
"Please enter a valid URL. http:// is required","Please enter a valid URL. http:// is required"
"Please enter a valid zip code.","Please enter a valid zip code."
"Please enter a valid zip code. For example 90602 or 90602-1234.","Please enter a valid zip code. For example 90602 or 90602-1234."
"Please enter valid password.","Please enter valid password."
"Please make sure that all global admin search modules are installed and activated.","Please make sure that all global admin search modules are installed and activated."
"Please make sure that your changes were saved before running the profile.","Please make sure that your changes were saved before running the profile."
"Please make sure your passwords match.","Please make sure your passwords match."
"Please Select","Please Select"
"Please select a customer.","Please select a customer."
"Please select an option.","Please select an option."
"Please select a store.","Please select a store."
"Please select catalog searches.","Please select catalog searches."
"Please select customer(s).","Please select customer(s)."
"Please select one of the above options.","Please select one of the above options."
"Please select one of the options.","Please select one of the options."
"Please select review(s).","Please select review(s)."
"Please select State/Province.","Please select State/Province."
"Please select tag(s).","Please select tag(s)."
"Please specify the admin custom URL.","Please specify the admin custom URL."
"Please try to logout and sign in again.","Please try to logout and sign in again."
"Please use in this field only ""a-z,0-9,_"".","Please use in this field only ""a-z,0-9,_""."
"Please use letters only (a-z) in this field.","Please use letters only (a-z) in this field."
"Please use numbers only in this field. Please avoid spaces or other characters such as dots or commas.","Please use numbers only in this field. Please avoid spaces or other characters such as dots or commas."
"Please use only letters (a-z) or numbers (0-9) only in this field. No spaces or other characters are allowed.","Please use only letters (a-z) or numbers (0-9) only in this field. No spaces or other characters are allowed."
"Please use only letters (a-z) or numbers (0-9) or spaces and # only in this field.","Please use only letters (a-z) or numbers (0-9) or spaces and # only in this field."
"Please use this date format: dd/mm/yyyy. For example 17/03/2006 for the 17th of March, 2006.","Please use this date format: dd/mm/yyyy. For example 17/03/2006 for the 17th of March, 2006."
"Please wait, loading...","Please wait, loading..."
"Please wait...","Please wait..."
"Please wait while the indexes are being refreshed.","Please wait while the indexes are being refreshed."
"Popular","Popular"
"Position","Position"
"Position of Watermark for %s","Position of Watermark for %s"
"Pregenerated configurable swatches image files.","Pregenerated configurable swatches image files."
"Pregenerated product images files.","Pregenerated product images files."
"Preview","Preview"
"Preview Template","Preview Template"
"Price","Price"
"Price:","Price:"
"Price alert subscription was saved.","Price alert subscription was saved."
"Processed <strong>%s%% %s/%d</strong> records","Processed <strong>%s%% %s/%d</strong> records"
"Processing","Processing"
"Product","Product"
"Product:","Product:"
"Product is not loaded.","Product is not loaded."
"Product Name","Product Name"
"Product Reviews","Product Reviews"
"Products","Products"
"Products Bestsellers Report","Products Bestsellers Report"
"Products in Carts","Products in Carts"
"Products Most Viewed Report","Products Most Viewed Report"
"Products Ordered","Products Ordered"
"Product Tax Classes","Product Tax Classes"
"Product Thumbnail Itself","Product Thumbnail Itself"
"Profile Action","Profile Action"
"Profile Actions XML","Profile Actions XML"
"Profile Direction","Profile Direction"
"Profile History","Profile History"
"Profile Information","Profile Information"
"Profile Name","Profile Name"
"Profile Payments","Profile Payments"
"Profiles","Profiles"
"Profile Schedule","Profile Schedule"
"Profile Wizard","Profile Wizard"
"Promo","Promo"
"Promotions","Promotions"
"Purchased Item","Purchased Item"
"QR Code","QR Code"
"Quantity","Quantity"
"Queued... Cancel","Queued... Cancel"
"Queue Refresh","Queue Refresh"
"Radio Buttons","Radio Buttons"
"Rates","Rates"
"Read details","Read details"
"Rebuild","Rebuild"
"Rebuild Catalog Index","Rebuild Catalog Index"
"Rebuild Flat Catalog Category","Rebuild Flat Catalog Category"
"Rebuild Flat Catalog Product","Rebuild Flat Catalog Product"
"Recent Orders","Recent Orders"
"Recent statistics have been updated.","Recent statistics have been updated."
"Recipient email address","Recipient email address"
"Recurring Profile View","Recurring Profile View"
"Redirect","Redirect"
"Redirect to URL without trailing slash","Redirect to URL without trailing slash"
"Redirect to URL with trailing slash","Redirect to URL with trailing slash"
"Reference","Reference"
"Reference ID","Reference ID"
"Refresh","Refresh"
"Refresh Now*","Refresh Now*"
"Refresh Roles","Refresh Roles"
"Refresh Statistics","Refresh Statistics"
"Region","Region"
"Region/State","Region/State"
"Registering a passkey automatically disables password authentication. For security reasons, we recommend keeping it disabled, though you can re-enable it if necessary.","Registering a passkey automatically disables password authentication. For security reasons, we recommend keeping it disabled, though you can re-enable it if necessary."
"Register New Passkey","Register New Passkey"
"Register Passkey","Register Passkey"
"Regular Price:","Regular Price:"
"Reject","Reject"
"Rejection Of Authorization","Rejection Of Authorization"
"Reject token authorization for admin","Reject token authorization for admin"
"Reject token authorization Pop Up for admin","Reject token authorization Pop Up for admin"
"Remote FTP","Remote FTP"
"Remove","Remove"
"Remove Passkey","Remove Passkey"
"Rename","Rename"
"Reports","Reports"
"Request Path","Request Path"
"Required","Required"
"Reset","Reset"
"Reset a Password","Reset a Password"
"Reset Filter","Reset Filter"
"Reset Password","Reset Password"
"Resource Access","Resource Access"
"Resources","Resources"
"REST Roles","REST Roles"
"Results","Results"
"Retrieve Password","Retrieve Password"
"Return Html Version","Return Html Version"
"Revenue","Revenue"
"Reviews","Reviews"
"Reviews and Ratings","Reviews and Ratings"
"Rewrite Rules","Rewrite Rules"
"Role ID","Role ID"
"Role Info","Role Info"
"Role Information","Role Information"
"Role Name","Role Name"
"Role Resources","Role Resources"
"Roles","Roles"
"Roles Resources","Roles Resources"
"Role Users","Role Users"
"Root Category","Root Category"
"Run","Run"
"Running... Kill","Running... Kill"
"Run Profile","Run Profile"
"Run Profile in Popup","Run Profile in Popup"
"Sales","Sales"
"Sales Overview","Sales Overview"
"Sales Report","Sales Report"
"Samples","Samples"
"Save","Save"
"Save & Generate","Save & Generate"
"Save Account","Save Account"
"Save and Continue Edit","Save and Continue Edit"
"Save Block","Save Block"
"Save Cache Settings","Save Cache Settings"
"Save Config","Save Config"
"Save Currency Rates","Save Currency Rates"
"Save Profile","Save Profile"
"Save Role","Save Role"
"Save Template","Save Template"
"Save User","Save User"
"Save Variable","Save Variable"
"Scan this QR code with your authenticator app (Google Authenticator, Authy, etc.)","Scan this QR code with your authenticator app (Google Authenticator, Authy, etc.)"
"Search","Search"
"Search entire store here...","Search entire store here..."
"Search Index","Search Index"
"Search Term","Search Term"
"Search Terms","Search Terms"
"Select","Select"
"Select All","Select All"
"Select Category","Select Category"
"Selected allowed currency ""%s"" is not available in installed currencies.","Selected allowed currency ""%s"" is not available in installed currencies."
"Selected base currency is not available in installed currencies.","Selected base currency is not available in installed currencies."
"Selected default display currency is not available in allowed currencies.","Selected default display currency is not available in allowed currencies."
"Selected default display currency is not available in installed currencies.","Selected default display currency is not available in installed currencies."
"Select Range","Select Range"
"Self-assigned roles cannot be deleted.","Self-assigned roles cannot be deleted."
"Send","Send"
"Sender","Sender"
"Sending...","Sending..."
"Separate Email","Separate Email"
"Serialized data is incorrect","Serialized data is incorrect"
"Shipment #%s comment added","Shipment #%s comment added"
"Shipment #%s created","Shipment #%s created"
"Shipment Comments","Shipment Comments"
"Shipment History","Shipment History"
"Shipments","Shipments"
"Shipping","Shipping"
"Shipping Address","Shipping Address"
"Shipping Address: ","Shipping Address: "
"Shipping address selection is not applicable","Shipping address selection is not applicable"
"Shipping method must be specified.","Shipping method must be specified."
"Shipping method selection is not applicable","Shipping method selection is not applicable"
"Shipping Origin","Shipping Origin"
"Shipping Price","Shipping Price"
"Shopping Cart","Shopping Cart"
"Shopping Cart from %s","Shopping Cart from %s"
"Shopping Cart Price Rules","Shopping Cart Price Rules"
"Show By","Show By"
"Show Report For:","Show Report For:"
"Show Reviews","Show Reviews"
"Sitemap Information","Sitemap Information"
"Size for %s","Size for %s"
"Skip Category Selection","Skip Category Selection"
"SKU","SKU"
"SKU:","SKU:"
"Some items in this order have different invoice and shipment types. You can create shipment only after the invoice is created.","Some items in this order have different invoice and shipment types. You can create shipment only after the invoice is created."
"Some of the ordered items do not exist in the catalog anymore and will be removed if you try to edit the order.","Some of the ordered items do not exist in the catalog anymore and will be removed if you try to edit the order."
"Special Price:","Special Price:"
"Specific Countries","Specific Countries"
"Specified","Specified"
"Specified profile does not exist.","Specified profile does not exist."
"Spreadsheet Name:","Spreadsheet Name:"
"Start Date","Start Date"
"Starting profile execution, please wait...","Starting profile execution, please wait..."
"State/Province:","State/Province:"
"Static Blocks","Static Blocks"
"Status","Status"
"Status:","Status:"
"Stock notification was saved.","Stock notification was saved."
"Stock Quantity:","Stock Quantity:"
"Store","Store"
"store(%s) scope","store(%s) scope"
"Store:","Store:"
"Stores","Stores"
"Store View","Store View"
"Subject","Subject"
"Submit","Submit"
"Subtotal","Subtotal"
"successful","successful"
"Switch/Solo/Maestro Only","Switch/Solo/Maestro Only"
"System","System"
"System busy","System busy"
"Tags","Tags"
"Target Path","Target Path"
"Tax","Tax"
"Template","Template"
"Template Content","Template Content"
"Template Information","Template Information"
"Template Name","Template Name"
"Template Styles","Template Styles"
"Template Subject","Template Subject"
"Template Type","Template Type"
"Temporary (302)","Temporary (302)"
"Terms and Conditions","Terms and Conditions"
"Test email sent successfully to %s.","Test email sent successfully to %s."
"Test Email Settings","Test Email Settings"
"Text","Text"
"The account has been saved.","The account has been saved."
"The attribute set has been removed.","The attribute set has been removed."
"The billing agreement has been canceled.","The billing agreement has been canceled."
"The billing agreement has been deleted.","The billing agreement has been deleted."
"The block has been saved.","The block has been saved."
"The cache storage has been flushed.","The cache storage has been flushed."
"The carrier needs to be specified.","The carrier needs to be specified."
"The catalog index has been rebuilt.","The catalog index has been rebuilt."
"The CatalogInventory Stock Status has been rebuilt.","The CatalogInventory Stock Status has been rebuilt."
"The catalog rewrites have been refreshed.","The catalog rewrites have been refreshed."
"The Catalog Rewrites were refreshed.","The Catalog Rewrites were refreshed."
"The Comment Text field cannot be empty.","The Comment Text field cannot be empty."
"The configurable swatches image cache was cleaned.","The configurable swatches image cache was cleaned."
"The configuration has been saved.","The configuration has been saved."
"The credit memo has been canceled.","The credit memo has been canceled."
"The credit memo has been created.","The credit memo has been created."
"The credit memo has been voided.","The credit memo has been voided."
"The credit memo no longer exists.","The credit memo no longer exists."
" The customer does not exist in the system anymore."," The customer does not exist in the system anymore."
"The customer has been deleted.","The customer has been deleted."
"The customer has been saved.","The customer has been saved."
"The custom variable has been deleted.","The custom variable has been deleted."
"The custom variable has been saved.","The custom variable has been saved."
"The design change has been deleted.","The design change has been deleted."
"The design change has been saved.","The design change has been saved."
"The email address has been updated successfully.","The email address has been updated successfully."
"The email address is empty.","The email address is empty."
"The email template has been deleted.","The email template has been deleted."
"The email template has been saved.","The email template has been saved."
"The flat catalog category has been rebuilt.","The flat catalog category has been rebuilt."
"The Flat Catalog Product was rebuilt","The Flat Catalog Product was rebuilt"
"The following role resource(s) are not orphaned: %s","The following role resource(s) are not orphaned: %s"
"The following role resources are no longer available in the system: %s. You can delete them by <a href=""%s"">clicking here</a>.","The following role resources are no longer available in the system: %s. You can delete them by <a href=""%s"">clicking here</a>."
"The group node name must be specified with field node name.","The group node name must be specified with field node name."
"The image cache was cleaned.","The image cache was cleaned."
"The image cache was cleared.","The image cache was cleared."
"The invoice and shipment have been created.","The invoice and shipment have been created."
"The invoice and the shipment  have been created. The shipping label cannot be created at the moment.","The invoice and the shipment  have been created. The shipping label cannot be created at the moment."
"The invoice has been canceled.","The invoice has been canceled."
"The invoice has been captured.","The invoice has been captured."
"The invoice has been created.","The invoice has been created."
"The invoice has been voided.","The invoice has been voided."
"The invoice no longer exists.","The invoice no longer exists."
"The item %s (SKU %s) does not exist in the catalog anymore.","The item %s (SKU %s) does not exist in the catalog anymore."
"The Layered Navigation indexing has been queued.","The Layered Navigation indexing has been queued."
"The Layered Navigation indexing queue has been canceled.","The Layered Navigation indexing queue has been canceled."
"The Layered Navigation indices were refreshed.","The Layered Navigation indices were refreshed."
"The Layered Navigation process has been queued to be killed.","The Layered Navigation process has been queued to be killed."
"The Maho cache has been flushed and updates applied.","The Maho cache has been flushed and updates applied."
"The minified CSS/JS cache was cleaned.","The minified CSS/JS cache was cleaned."
"The order does not allow creating an invoice.","The order does not allow creating an invoice."
"The order no longer exists.","The order no longer exists."
"The profile has been deleted.","The profile has been deleted."
"The profile has been saved.","The profile has been saved."
"The profile has been updated.","The profile has been updated."
"The profile has no changes.","The profile has no changes."
"The profile you are trying to save no longer exists","The profile you are trying to save no longer exists"
"The rating has been deleted.","The rating has been deleted."
"The rating has been saved.","The rating has been saved."
"There is an error in one of the option rows.","There is an error in one of the option rows."
"The role has been deleted.","The role has been deleted."
"The role has been saved.","The role has been saved."
"The role has been successfully saved.","The role has been successfully saved."
"The roles have been refreshed.","The roles have been refreshed."
"The search index has been rebuilt.","The search index has been rebuilt."
"The shipment has been created.","The shipment has been created."
"The shipment has been sent.","The shipment has been sent."
"The shipment no longer exists.","The shipment no longer exists."
"The shipping label has been created.","The shipping label has been created."
"The Special Price is active only when lower than the Actual Price.","The Special Price is active only when lower than the Actual Price."
"The tag has been deleted.","The tag has been deleted."
"The tag has been saved.","The tag has been saved."
"The transaction details have been updated.","The transaction details have been updated."
"The URL Rewrite has been deleted.","The URL Rewrite has been deleted."
"The URL Rewrite has been saved.","The URL Rewrite has been saved."
"The user has been deleted.","The user has been deleted."
"The user has been saved.","The user has been saved."
"The variable has been saved.","The variable has been saved."
"This Account is","This Account is"
"This account is","This account is"
"This account is inactive.","This account is inactive."
"This attribute set does not have attributes which we can use for configurable product","This attribute set does not have attributes which we can use for configurable product"
"This block no longer exists.","This block no longer exists."
"This Email template no longer exists.","This Email template no longer exists."
"This is a demo store. Any orders placed through this store will not be honored or fulfilled.","This is a demo store. Any orders placed through this store will not be honored or fulfilled."
"This is a required field.","This is a required field."
"This is a test email from Maho admin.","This is a test email from Maho admin."
"This product is currently disabled.","This product is currently disabled."
"This report depends on timezone configuration. Once timezone is changed, the lifetime statistics need to be refreshed.","This report depends on timezone configuration. Once timezone is changed, the lifetime statistics need to be refreshed."
"This Role no longer exists","This Role no longer exists"
"This Role no longer exists.","This Role no longer exists."
"This section is not allowed.","This section is not allowed."
"This user no longer exists.","This user no longer exists."
"This variable no longer exists.","This variable no longer exists."
"Time","Time"
"To","To"
"to","to"
"To cancel pending authorizations and release amounts that have already been processed during this payment, click Cancel.","To cancel pending authorizations and release amounts that have already been processed during this payment, click Cancel."
"Tools","Tools"
"Top 5 Search Terms","Top 5 Search Terms"
"Total","Total"
"Total Invoiced","Total Invoiced"
"Total of %d record(s) have been deleted.","Total of %d record(s) have been deleted."
"Total of %d record(s) have been updated.","Total of %d record(s) have been updated."
"Total of %d record(s) were deleted","Total of %d record(s) were deleted"
"Total of %d record(s) were deleted.","Total of %d record(s) were deleted."
"Total of %d record(s) were updated","Total of %d record(s) were updated"
"Total of %d record(s) were updated.","Total of %d record(s) were updated."
"Total Order Amount","Total Order Amount"
"Total Refunded","Total Refunded"
"To use PayPal Payflow Link, you must configure your PayPal Payflow Link account on the PayPal website.","To use PayPal Payflow Link, you must configure your PayPal Payflow Link account on the PayPal website."
"To use PayPal Payments Advanced, you must configure  your PayPal Payments Advanced account on the PayPal website.","To use PayPal Payments Advanced, you must configure  your PayPal Payments Advanced account on the PayPal website."
"Tracking number %s for %s assigned","Tracking number %s for %s assigned"
"Tracking number cannot be empty.","Tracking number cannot be empty."
"Track Order","Track Order"
"Track this shipment","Track this shipment"
"Trailing Slash Behavior","Trailing Slash Behavior"
"Transactional Emails","Transactional Emails"
"Transaction Data","Transaction Data"
"Transaction Details","Transaction Details"
"Transaction ID","Transaction ID"
"Transactions","Transactions"
"Transaction Type","Transaction Type"
"Two-Factor Authentication","Two-Factor Authentication"
"Type","Type"
"Type:","Type:"
"Unable to cancel the credit memo.","Unable to cancel the credit memo."
"Unable to find a block to delete.","Unable to find a block to delete."
"Unable to find a Email Template to delete.","Unable to find a Email Template to delete."
"Unable to find a tag to delete.","Unable to find a tag to delete."
"Unable to find a user to delete.","Unable to find a user to delete."
"Unable to find a variable to delete.","Unable to find a variable to delete."
"Unable to initialize import model","Unable to initialize import model"
"Unable to refresh lifetime statistics.","Unable to refresh lifetime statistics."
"Unable to refresh recent statistics.","Unable to refresh recent statistics."
"Unable to save the cron expression.","Unable to save the cron expression."
"Unable to save the invoice.","Unable to save the invoice."
"Unable to send the invoice email.","Unable to send the invoice email."
"Unable to send the shipment email.","Unable to send the shipment email."
"Unable to update transaction details.","Unable to update transaction details."
"Unable to void the credit memo.","Unable to void the credit memo."
"Unknown","Unknown"
"Unlimited","Unlimited"
"Update","Update"
"Updated At","Updated At"
"Uploaded file is larger than %.2f kilobytes allowed by server","Uploaded file is larger than %.2f kilobytes allowed by server"
"Upload File","Upload File"
"Upload Files","Upload Files"
"URL Rewrite","URL Rewrite"
"URL Rewrite Information","URL Rewrite Information"
"URL Rewrite Management","URL Rewrite Management"
"Use All Available Attributes","Use All Available Attributes"
"Use Config Settings","Use Config Settings"
"Used as Default For","Used as Default For"
"Used Currently For","Used Currently For"
"Use Default","Use Default"
"Use Default Value","Use Default Value"
"Use Default Variable Values","Use Default Variable Values"
"User Email","User Email"
"User ID","User ID"
"User Info","User Info"
"User Information","User Information"
"User Name","User Name"
"User name","User name"
"User Name:","User Name:"
"User Name is required field.","User Name is required field."
"User Password","User Password"
"User Role","User Role"
"User Roles","User Roles"
"User Roles Information","User Roles Information"
"Users","Users"
"User Type Resources","User Type Resources"
"Use Website","Use Website"
"Validation Results","Validation Results"
"Value","Value"
"Value Delimiter:","Value Delimiter:"
"Variable","Variable"
"Variable Code","Variable Code"
"Variable Details","Variable Details"
"Variable has been deleted.","Variable has been deleted."
"Variable HTML Value","Variable HTML Value"
"Variable ID","Variable ID"
"Variable Name","Variable Name"
"Variable Name is incorrect.","Variable Name is incorrect."
"Variable Name is required field.","Variable Name is required field."
"Variable Plain Value","Variable Plain Value"
"Variables","Variables"
"VAT Number is Invalid","VAT Number is Invalid"
"VAT Number is Valid","VAT Number is Valid"
"Verification Code","Verification Code"
"Verifier code: %s","Verifier code: %s"
"View Actions XML","View Actions XML"
"View Full Size","View Full Size"
"View Statistics For:","View Statistics For:"
"Visibility:","Visibility:"
"Visitors","Visitors"
"Warning","Warning"
"Warning! Empty value can cause problems with CSV format.","Warning! Empty value can cause problems with CSV format."
"Warning!\r\nThis action will remove this user from already assigned role\r\nAre you sure?","Warning!\r\nThis action will remove this user from already assigned role\r\nAre you sure?"
"Warning!\r\nThis action will remove those users from already assigned roles\r\nAre you sure?","Warning!\r\nThis action will remove those users from already assigned roles\r\nAre you sure?"
"Warning: Please do not close the window during importing/exporting data","Warning: Please do not close the window during importing/exporting data"
"Watermark File for %s","Watermark File for %s"
"Web Services","Web Services"
"Web services","Web services"
"Website","Website"
"website(%s) scope","website(%s) scope"
"What is this?","What is this?"
"Wishlist item is not loaded.","Wishlist item is not loaded."
"Wrong account specified.","Wrong account specified."
"Wrong billing agreement ID specified.","Wrong billing agreement ID specified."
"Wrong column format.","Wrong column format."
"Wrong field specified.","Wrong field specified."
"Wrong newsletter template.","Wrong newsletter template."
"Wrong quote item.","Wrong quote item."
"Wrong tab configuration.","Wrong tab configuration."
"Wrong tab configuration for %s %s.","Wrong tab configuration for %s %s."
"Wrong tag was specified.","Wrong tag was specified."
"Wrong transaction ID specified.","Wrong transaction ID specified."
"XML","XML"
"XML data is invalid.","XML data is invalid."
"XML object is not instance of ""\Maho\Simplexml\Element"".","XML object is not instance of ""\Maho\Simplexml\Element""."
"Year","Year"
"Yes","Yes"
"Yes (301 Moved Permanently)","Yes (301 Moved Permanently)"
"Yes (302 Found)","Yes (302 Found)"
"Yes (only price with tax)","Yes (only price with tax)"
"You cannot delete your own account.","You cannot delete your own account."
"You did not sign in correctly or your account is temporarily disabled.","You did not sign in correctly or your account is temporarily disabled."
"You have %s, %s and %s unread messages. <a href=""%s"">Go to messages inbox</a>.","You have %s, %s and %s unread messages. <a href=""%s"">Go to messages inbox</a>."
"You have %s unread message(s).","You have %s unread message(s)."
"You have %s unread message(s). <a href=""%s"">Go to messages inbox</a>.","You have %s unread message(s). <a href=""%s"">Go to messages inbox</a>."
"You have logged out.","You have logged out."
"You have not enough permissions to use this functionality.","You have not enough permissions to use this functionality."
"You need to specify order items.","You need to specify order items."
"Your password has been updated.","Your password has been updated."
"Your password reset link has expired.","Your password reset link has expired."
"Your server PHP settings allow you to upload files not more than %s at a time. Please modify post_max_size (currently is %s) and upload_max_filesize (currently is %s) values in php.ini if you want to upload larger files.","Your server PHP settings allow you to upload files not more than %s at a time. Please modify post_max_size (currently is %s) and upload_max_filesize (currently is %s) values in php.ini if you want to upload larger files."
"YTD","YTD"
"Zip/Postal Code","Zip/Postal Code"
"Zip/Postal Code:","Zip/Postal Code:"
" [deleted]"," [deleted]"
"[ deleted ]","[ deleted ]"
"[GLOBAL]","[GLOBAL]"
"[STORE VIEW]","[STORE VIEW]"
"[WEBSITE]","[WEBSITE]"
"{{base_url}} is not recommended to use in a production environment to declare the Base Unsecure URL / Base Secure URL. It is highly recommended to change this value in your Maho <a href=""%s"">configuration</a>.","{{base_url}} is not recommended to use in a production environment to declare the Base Unsecure URL / Base Secure URL. It is highly recommended to change this value in your Maho <a href=""%s"">configuration</a>."
