"""Remember Me"" Cookie Lifetime","""Remember Me"" Cookie Lifetime"
"%s already exist.","%s already exist."
"%s already exists.","%s already exists."
"-- Please Select --","-- Please Select --"
"<strong>Disabled:</strong> No deferral (default behavior)<br/><strong>Defer Only:</strong> Moves all script tags to the end of the page, improving initial render performance<br/><strong>Load on Intent:</strong> <strong style=""color:red"">Highly Experimental!</strong> Defers all scripts until user interaction (click, scroll, hover, etc.) - designed for pure vanilla JavaScript and may not work with legacy JavaScript libraries","<strong>Disabled:</strong> No deferral (default behavior)<br/><strong>Defer Only:</strong> Moves all script tags to the end of the page, improving initial render performance<br/><strong>Load on Intent:</strong> <strong style=""color:red"">Highly Experimental!</strong> Defers all scripts until user interaction (click, scroll, hover, etc.) - designed for pure vanilla JavaScript and may not work with legacy JavaScript libraries"
"<strong style=""color:red"">Warning!</strong> When using CDN, in some cases JavaScript may not run properly if CDN is not in your subdomain","<strong style=""color:red"">Warning!</strong> When using CDN, in some cases JavaScript may not run properly if CDN is not in your subdomain"
"<strong style=""color:red"">Warning!</strong> When using Store Code in URLs, in some cases system may not work properly if URLs without Store Codes are specified in the third party services (e.g. PayPal etc.).","<strong style=""color:red"">Warning!</strong> When using Store Code in URLs, in some cases system may not work properly if URLs without Store Codes are specified in the third party services (e.g. PayPal etc.)."
"A category object is required for determining the product request path.","A category object is required for determining the product request path."
"Add Block Names to Hints","Add Block Names to Hints"
"Add Secret Key to URLs","Add Secret Key to URLs"
"Add Store Code to Urls","Add Store Code to Urls"
"Admin","Admin"
"Admin Base URL","Admin Base URL"
"Admin Theme","Admin Theme"
"Admin User Emails","Admin User Emails"
"Advanced","Advanced"
"Advanced Cache Settings","Advanced Cache Settings"
"Allow Countries","Allow Countries"
"Allowed file types: ICO, PNG, GIF, JPG, JPEG, APNG, WEBP, AVIF, SVG. Not all browsers support all these formats!","Allowed file types: ICO, PNG, GIF, JPG, JPEG, APNG, WEBP, AVIF, SVG. Not all browsers support all these formats!"
"Allowed IPs (comma separated)","Allowed IPs (comma separated)"
"Allow Maho Backend to run in frame","Allow Maho Backend to run in frame"
"Allow Maho Frontend to run in frame","Allow Maho Frontend to run in frame"
"Allows customers to stay logged in when switching between different stores.","Allows customers to stay logged in when switching between different stores."
"Allow Symlinks","Allow Symlinks"
"Alternative text for next link in pagination menu. If empty, default arrow image will used.","Alternative text for next link in pagination menu. If empty, default arrow image will used."
"Alternative text for previous link in pagination menu. If empty, default arrow image will used.","Alternative text for previous link in pagination menu. If empty, default arrow image will used."
"Anchor symbol (#) is not supported in request path","Anchor symbol (#) is not supported in request path"
"Anchor symbol (#) is not supported in url rewrite suffix","Anchor symbol (#) is not supported in url rewrite suffix"
"Anchor Text for Next","Anchor Text for Next"
"Anchor Text for Previous","Anchor Text for Previous"
"An error occured.","An error occured."
"An error occurred while saving. Please review the error log.","An error occurred while saving. Please review the error log."
"Are you sure?","Are you sure?"
"Auto-redirect to Base URL","Auto-redirect to Base URL"
"Back","Back"
"Backup Options","Backup Options"
"Base JavaScript URL","Base JavaScript URL"
"Base Link URL","Base Link URL"
"Base Media URL","Base Media URL"
"Base Secure URL","Base Secure URL"
"Base Skin URL","Base Skin URL"
"Base Unsecure URL","Base Unsecure URL"
"Base URL","Base URL"
"Before modifying the store view code please make sure that it is not used in index.php.","Before modifying the store view code please make sure that it is not used in index.php."
"Before modifying the website code please make sure that it is not used in index.php.","Before modifying the website code please make sure that it is not used in index.php."
"Cache Storage Management","Cache Storage Management"
"Cache storage may contain additional data. Are you sure that you want flush it?","Cache storage may contain additional data. Are you sure that you want flush it?"
"Can't retrieve entity config: %s","Can't retrieve entity config: %s"
"Can't retrieve request object","Can't retrieve request object"
"Cancel","Cancel"
"Cannot complete this operation from non-admin area.","Cannot complete this operation from non-admin area."
"Can not create invoice. Order was not found.","Can not create invoice. Order was not found."
"Card type does not match credit card number.","Card type does not match credit card number."
"Code","Code"
"Controls how much referrer information is sent with requests","Controls how much referrer information is sent with requests"
"Cookie Domain","Cookie Domain"
"Cookie Lifetime","Cookie Lifetime"
"Cookie Path","Cookie Path"
"Cookie Restriction Mode","Cookie Restriction Mode"
"Copyright","Copyright"
"Core","Core"
"Could not write sanitized SVG file.","Could not write sanitized SVG file."
"Countries Options","Countries Options"
"Country","Country"
"Create Store","Create Store"
"Create Store View","Create Store View"
"Create Website","Create Website"
"Credit card number does not match credit card type.","Credit card number does not match credit card type."
"Cron Expression for Cache Flushing","Cron Expression for Cache Flushing"
"CSS Settings","CSS Settings"
"Current Package Name","Current Package Name"
"Custom1 Contact Email","Custom1 Contact Email"
"Custom1 Contact Name","Custom1 Contact Name"
"Custom2 Contact Email","Custom2 Contact Email"
"Custom2 Contact Name","Custom2 Contact Name"
"Custom Admin Path","Custom Admin Path"
"Custom Admin URL","Custom Admin URL"
"Custom Design","Custom Design"
"Custom Email 1","Custom Email 1"
"Custom Email 2","Custom Email 2"
"Customer Support","Customer Support"
"Custom Variables","Custom Variables"
"Dashboard","Dashboard"
"Date From","Date From"
"Date To","Date To"
"Debug","Debug"
"Default","Default"
"Default Country","Default Country"
"Default Description","Default Description"
"Default Keywords","Default Keywords"
"Default No-route URL","Default No-route URL"
"Default Pages","Default Pages"
"Default Robots","Default Robots"
"Default Store","Default Store"
"Default Store View","Default Store View"
"Default Title","Default Title"
"Default Web URL","Default Web URL"
"Defer Only","Defer Only"
"Delete","Delete"
"Delete Store","Delete Store"
"Delete Store View","Delete Store View"
"Delete Website","Delete Website"
"Deleting a %1$s will not delete the information associated with the %1$s (e.g. categories, products, etc.), but the %1$s will not be able to be restored. It is suggested that you create a database backup before deleting the %1$s.","Deleting a %1$s will not delete the information associated with the %1$s (e.g. categories, products, etc.), but the %1$s will not be able to be restored. It is suggested that you create a database backup before deleting the %1$s."
"Design","Design"
"Design Change","Design Change"
"Developer","Developer"
"Developer Client Restrictions","Developer Client Restrictions"
"Disable Modules Output","Disable Modules Output"
"Disallowed block name for frontend.","Disallowed block name for frontend."
"Disallowed template variable method.","Disallowed template variable method."
"Display Demo Store Notice","Display Demo Store Notice"
"Duplicate Of Template Name","Duplicate Of Template Name"
"Edit Design Change","Edit Design Change"
"Edit Store","Edit Store"
"Edit Store View","Edit Store View"
"Edit Website","Edit Website"
"Email - Footer","Email - Footer"
"Email - Header","Email - Header"
"Email Footer Template","Email Footer Template"
"Email Header Template","Email Header Template"
"Empty identifier field name","Empty identifier field name"
"Empty main table name","Empty main table name"
"Enable Charts","Enable Charts"
"Enabled","Enabled"
"Enabled for Admin","Enabled for Admin"
"Enabled for Frontend","Enabled for Frontend"
"Enable Email Queue","Enable Email Queue"
"Enable global search","Enable global search"
"Enable HSTS (HTTP Strict Transport Security)","Enable HSTS (HTTP Strict Transport Security)"
"Enables browser XSS filtering. Note: Modern browsers prefer CSP over this header.","Enables browser XSS filtering. Note: Modern browsers prefer CSP over this header."
"Enable X-Content-Type-Options","Enable X-Content-Type-Options"
"Enable X-XSS-Protection","Enable X-XSS-Protection"
"Enabling ability to run Maho in a frame is not recommended for security reasons.","Enabling ability to run Maho in a frame is not recommended for security reasons."
"Error generating PDF: %s","Error generating PDF: %s"
"Error in file: ""%s"" - %s","Error in file: ""%s"" - %s"
"European Union Countries","European Union Countries"
"Favicon Icon","Favicon Icon"
"File %s does not exist","File %s does not exist"
"File %s is not readable","File %s is not readable"
"File is not a valid SVG.","File is not a valid SVG."
"File name is too long. Maximum length is %s.","File name is too long. Maximum length is %s."
"File not found","File not found"
"File system","File system"
"File type for image conversions","File type for image conversions"
"File with an extension ""%s"" is protected and cannot be uploaded","File with an extension ""%s"" is protected and cannot be uploaded"
"First Day of Week","First Day of Week"
"Flush & Apply Updates","Flush & Apply Updates"
"Flush Cache Storage","Flush Cache Storage"
"Footer","Footer"
"Forces browsers to use HTTPS. Only works on HTTPS connections.","Forces browsers to use HTTPS. Only works on HTTPS connections."
"Forgot Password Email Sender","Forgot Password Email Sender"
"Forgot Password Email Template","Forgot Password Email Template"
"Frontend","Frontend"
"General","General"
"General Contact","General Contact"
"General Contact Email","General Contact Email"
"General Contact Name","General Contact Name"
"General Settings","General Settings"
"Get info about current Maho installation","Get info about current Maho installation"
"Global","Global"
"Header","Header"
"Helper attributes should not be used in custom layout updates.","Helper attributes should not be used in custom layout updates."
"Host","Host"
"How long browsers should remember to use HTTPS. Default: 31536000 (1 year)","How long browsers should remember to use HTTPS. Default: 31536000 (1 year)"
"How many links to display at once.","How many links to display at once."
"HSTS Max Age (seconds)","HSTS Max Age (seconds)"
"HTML filtration has failed.","HTML filtration has failed."
"HTML Head","HTML Head"
"HTML tags are not allowed","HTML tags are not allowed"
"ID Path for Specified Store","ID Path for Specified Store"
"If the current frame position does not cover utmost pages, will render link to current position plus/minus this value.","If the current frame position does not cover utmost pages, will render link to current position plus/minus this value."
"Image quality","Image quality"
"Incorrect credit card expiration date.","Incorrect credit card expiration date."
"Invalid base url type","Invalid base url type"
"Invalid block: %s","Invalid block: %s"
"Invalid block type: %s","Invalid block type: %s"
"Invalid connection","Invalid connection"
"Invalid date","Invalid date"
"Invalid image.","Invalid image."
"Invalid layout update handle","Invalid layout update handle"
"Invalid messages storage ""%s"" for layout messages initialization","Invalid messages storage ""%s"" for layout messages initialization"
"Invalid MIME type.","Invalid MIME type."
"Invalid or empty SVG file.","Invalid or empty SVG file."
"Invalid query","Invalid query"
"Invalid stream.","Invalid stream."
"Invalid template path used in layout update.","Invalid template path used in layout update."
"Invalid transactional email code: %s","Invalid transactional email code: %s"
"Invalid URL","Invalid URL"
"Invalid URL scheme.","Invalid URL scheme."
"Invalid website's configuration path: %s","Invalid website's configuration path: %s"
"JavaScript Deferral Mode","JavaScript Deferral Mode"
"JavaScript Settings","JavaScript Settings"
"Lax","Lax"
"Layout","Layout"
"Leave empty for access from any location.","Leave empty for access from any location."
"List of stores","List of stores"
"Loading Indicator Timeout","Loading Indicator Timeout"
"Load on Intent","Load on Intent"
"Locale","Locale"
"Locale Options","Locale Options"
"Login is Case Sensitive","Login is Case Sensitive"
"Logo Image","Logo Image"
"Logo Image Alt","Logo Image Alt"
"Logo Image Src","Logo Image Src"
"Log Settings","Log Settings"
"Maho info","Maho info"
"Maho info API","Maho info API"
"Mail Sending Settings","Mail Sending Settings"
"Make sure that base URL ends with '/' (slash), e.g. http://yourdomain/maho/","Make sure that base URL ends with '/' (slash), e.g. http://yourdomain/maho/"
"Manage Stores","Manage Stores"
"Match expressions in the same order as displayed in the configuration.","Match expressions in the same order as displayed in the configuration."
"Media Storage","Media Storage"
"Message recipients data must be set.","Message recipients data must be set."
"Minifies CSS files and caches them in media/mahominify for improved performance","Minifies CSS files and caches them in media/mahominify for improved performance"
"Minifies JavaScript files and caches them in media/mahominify for improved performance","Minifies JavaScript files and caches them in media/mahominify for improved performance"
"Minify CSS Files","Minify CSS Files"
"Minify JavaScript Files","Minify JavaScript Files"
"Minimum Log Severity","Minimum Log Severity"
"Miscellaneous HTML","Miscellaneous HTML"
"Miscellaneous Scripts","Miscellaneous Scripts"
"Model collection resource name is not defined.","Model collection resource name is not defined."
"Module ""%1$s"" cannot depend on ""%2$s"".","Module ""%1$s"" cannot depend on ""%2$s""."
"Module ""%1$s"" requires module ""%2$s"".","Module ""%1$s"" requires module ""%2$s""."
"Name","Name"
"New Admin User Create Notification","New Admin User Create Notification"
"New Admin User Email Template","New Admin User Email Template"
"New Design Change","New Design Change"
"New Store","New Store"
"New Store View","New Store View"
"New Website","New Website"
"No","No"
"None","None"
"Number from 0 to 100 (default is 85, recommended by Google). Higher values preserve more details but increase file size. For WebP format, you can also use 101 to enable lossless compression.","Number from 0 to 100 (default is 85, recommended by Google). Higher values preserve more details but increase file size. For WebP format, you can also use 101 to enable lossless compression."
"Number of milliseconds to delay showing the loading indicator. The default value is ""200"". An empty value disables the delay.","Number of milliseconds to delay showing the loading indicator. The default value is ""200"". An empty value disables the delay."
"Number of seconds between each allowed request.","Number of seconds between each allowed request."
"Offloader header","Offloader header"
"Only messages at this severity level or higher will be logged. For example, selecting ""Error"" will log Error, Critical, Alert, and Emergency messages, but not Warning, Notice, Info, or Debug. Note: Developer mode overrides this setting and logs all levels.","Only messages at this severity level or higher will be logged. For example, selecting ""Error"" will log Error, Critical, Alert, and Emergency messages, but not Warning, Notice, Info, or Debug. Note: Developer mode overrides this setting and logs all levels."
"Package","Package"
"Pagination","Pagination"
"Pagination Frame","Pagination Frame"
"Pagination Frame Skip","Pagination Frame Skip"
"Path ""%s"" contains an invalid stream wrapper.","Path ""%s"" contains an invalid stream wrapper."
"Path ""%s"" contains invalid parent directory references.","Path ""%s"" contains invalid parent directory references."
"Path ""%s"" is not available and cannot be used.","Path ""%s"" is not available and cannot be used."
"Path ""%s"" is protected and cannot be used.","Path ""%s"" is protected and cannot be used."
"PHP SOAP extension is required.","PHP SOAP extension is required."
"Please define flag code.","Please define flag code."
"Please do not use ""event"" for an attribute code.","Please do not use ""event"" for an attribute code."
"Please enter a number 0 or greater in this field.","Please enter a number 0 or greater in this field."
"Please enter a number 1 or greater in this field.","Please enter a number 1 or greater in this field."
"Please enter a number greater than 0 in this field.","Please enter a number greater than 0 in this field."
"Please enter a number lower than 100.","Please enter a number lower than 100."
"Please enter a valid $ amount. For example $100.00.","Please enter a valid $ amount. For example $100.00."
"Please enter a valid credit card number.","Please enter a valid credit card number."
"Please enter a valid credit card verification number.","Please enter a valid credit card verification number."
"Please enter a valid date.","Please enter a valid date."
"Please enter a valid date between %s and %s","Please enter a valid date between %s and %s"
"Please enter a valid date equal to or greater than %s","Please enter a valid date equal to or greater than %s"
"Please enter a valid date less than or equal to %s","Please enter a valid date less than or equal to %s"
"Please enter a valid day (1-%d).","Please enter a valid day (1-%d)."
"Please enter a valid email address. For example johndoe@domain.com.","Please enter a valid email address. For example johndoe@domain.com."
"Please enter a valid fax number. For example (123) 456-7890 or 123-456-7890.","Please enter a valid fax number. For example (123) 456-7890 or 123-456-7890."
"Please enter a valid full date","Please enter a valid full date"
"Please enter a valid month (1-12).","Please enter a valid month (1-12)."
"Please enter a valid number in this field.","Please enter a valid number in this field."
"Please enter a valid phone number. For example (123) 456-7890 or 123-456-7890.","Please enter a valid phone number. For example (123) 456-7890 or 123-456-7890."
"Please enter a valid social security number. For example 123-45-6789.","Please enter a valid social security number. For example 123-45-6789."
"Please enter a valid URL. For example http://www.example.com or www.example.com","Please enter a valid URL. For example http://www.example.com or www.example.com"
"Please enter a valid URL. Protocol is required (http://, https:// or ftp://)","Please enter a valid URL. Protocol is required (http://, https:// or ftp://)"
"Please enter a valid URL Key. For example ""example-page"", ""example-page.html"" or ""anotherlevel/example-page"".","Please enter a valid URL Key. For example ""example-page"", ""example-page.html"" or ""anotherlevel/example-page""."
"Please enter a valid XML-identifier. For example something_1, block5, id-4.","Please enter a valid XML-identifier. For example something_1, block5, id-4."
"Please enter a valid year (1900-%d).","Please enter a valid year (1900-%d)."
"Please enter a valid zip code.","Please enter a valid zip code."
"Please enter a valid zip code. For example 90602 or 90602-1234.","Please enter a valid zip code. For example 90602 or 90602-1234."
"Please enter issue number or start date for switch/solo card type.","Please enter issue number or start date for switch/solo card type."
"Please enter more characters. Password should contain both numeric and alphabetic characters.","Please enter more characters. Password should contain both numeric and alphabetic characters."
"Please enter more characters or clean leading or trailing spaces.","Please enter more characters or clean leading or trailing spaces."
"Please input a valid CSS-length. For example 100px or 77pt or 20em or .5ex or 50%.","Please input a valid CSS-length. For example 100px or 77pt or 20em or .5ex or 50%."
"Please make sure your passwords match.","Please make sure your passwords match."
"Please select a file","Please select a file"
"Please select an option.","Please select an option."
"Please select one of the above options.","Please select one of the above options."
"Please select one of the options.","Please select one of the options."
"Please select State/Province.","Please select State/Province."
"Please set available and/or protected paths list(s) before validation.","Please set available and/or protected paths list(s) before validation."
"Please specify either a category or a product, or both.","Please specify either a category or a product, or both."
"Please use letters only (a-z or A-Z) in this field.","Please use letters only (a-z or A-Z) in this field."
"Please use numbers only in this field. Please avoid spaces or other characters such as dots or commas.","Please use numbers only in this field. Please avoid spaces or other characters such as dots or commas."
"Please use only letters (a-z), numbers (0-9) or underscore(_) in this field, first character should be a letter.","Please use only letters (a-z), numbers (0-9) or underscore(_) in this field, first character should be a letter."
"Please use only letters (a-z or A-Z), numbers (0-9) or underscore(_) in this field, first character should be a letter.","Please use only letters (a-z or A-Z), numbers (0-9) or underscore(_) in this field, first character should be a letter."
"Please use only letters (a-z or A-Z) or numbers (0-9) only in this field. No spaces or other characters are allowed.","Please use only letters (a-z or A-Z) or numbers (0-9) only in this field. No spaces or other characters are allowed."
"Please use only letters (a-z or A-Z) or numbers (0-9) or spaces and # only in this field.","Please use only letters (a-z or A-Z) or numbers (0-9) or spaces and # only in this field."
"Please use only visible characters and spaces.","Please use only visible characters and spaces."
"Please use this date format: dd/mm/yyyy. For example 17/03/2006 for the 17th of March, 2006.","Please use this date format: dd/mm/yyyy. For example 17/03/2006 for the 17th of March, 2006."
"Please wait, loading...","Please wait, loading..."
"Port","Port"
"Prevents browsers from MIME-sniffing responses. Recommended for security.","Prevents browsers from MIME-sniffing responses. Recommended for security."
"Profiler","Profiler"
"Rate limit","Rate limit"
"Recovery Link Expiration Period (hours)","Recovery Link Expiration Period (hours)"
"Referrer Policy","Referrer Policy"
"Requested invalid store ""%s""","Requested invalid store ""%s"""
"Request Path for Specified Store","Request Path for Specified Store"
"Request path length exceeds allowed %s symbols.","Request path length exceeds allowed %s symbols."
"Resource ""%s"" is not found.","Resource ""%s"" is not found."
"Resource is not set.","Resource is not set."
"Retrieve info about current Maho installation","Retrieve info about current Maho installation"
"Retrieve store data","Retrieve store data"
"Retrieve store list","Retrieve store list"
"Return-Path Email","Return-Path Email"
"Root Category","Root Category"
"Sales Representative","Sales Representative"
"Sales Representative Contact Email","Sales Representative Contact Email"
"Sales Representative Contact Name","Sales Representative Contact Name"
"Same-Site","Same-Site"
"Save","Save"
"Save Store","Save Store"
"Save Store View","Save Store View"
"Save Website","Save Website"
"Secure","Secure"
"Security","Security"
"Sender Email","Sender Email"
"Sender Name","Sender Name"
"Services","Services"
"Session Cookie Management","Session Cookie Management"
"Session Lifetime (seconds)","Session Lifetime (seconds)"
"Session Validation Settings","Session Validation Settings"
"Set as Default","Set as Default"
"Set Return-Path","Set Return-Path"
"Skin (Images / CSS)","Skin (Images / CSS)"
"Small Logo Image Src","Small Logo Image Src"
"Sort Order","Sort Order"
"Start date cannot be greater than end date.","Start date cannot be greater than end date."
"Startup Page","Startup Page"
"Status","Status"
"Storage Configuration for Media","Storage Configuration for Media"
"Store","Store"
"Store API","Store API"
"Store Contact Address","Store Contact Address"
"Store Contact Information","Store Contact Information"
"Store Contact Telephone","Store Contact Telephone"
"Store Email Addresses","Store Email Addresses"
"Store Hours of Operation","Store Hours of Operation"
"Store Information","Store Information"
"Store Name","Store Name"
"Store View","Store View"
"Store view doesn't exist","Store view doesn't exist"
"Store View Information","Store View Information"
"Store View Name","Store View Name"
"Store with the same code","Store with the same code"
"Strict","Strict"
"SVG file could not be sanitized.","SVG file could not be sanitized."
"SVG sanitization failed: %s","SVG sanitization failed: %s"
"System","System"
"Template Path Hints","Template Path Hints"
"Templates","Templates"
"Template Settings","Template Settings"
"Template Variables","Template Variables"
"Text length does not satisfy specified text range.","Text length does not satisfy specified text range."
"The %s you entered is invalid. Please make sure that it follows ""http://domain.com/"" format.","The %s you entered is invalid. Please make sure that it follows ""http://domain.com/"" format."
"The default value is ""30 2 * * *"". An empty value disables automatic cache flushing.","The default value is ""30 2 * * *"". An empty value disables automatic cache flushing."
"The file extension ""%s"" is not allowed. Allowed extensions: %s","The file extension ""%s"" is not allowed. Allowed extensions: %s"
"The file extension ""%s"" is not allowed for security reasons.","The file extension ""%s"" is not allowed for security reasons."
"The From Date value should be less than or equal to the To Date value.","The From Date value should be less than or equal to the To Date value."
"Themes","Themes"
"The store code may contain only letters (a-z), numbers (0-9), underscore(_) or dash(-), the first character must be a letter","The store code may contain only letters (a-z), numbers (0-9), underscore(_) or dash(-), the first character must be a letter"
"The store does not exist","The store does not exist"
"The store has been deleted.","The store has been deleted."
"The store has been saved.","The store has been saved."
"The store view #%d is disabled.","The store view #%d is disabled."
"The store view has been deleted.","The store view has been deleted."
"The store view has been saved","The store view has been saved"
"The template Name must not be empty.","The template Name must not be empty."
"The value is not within the specified range.","The value is not within the specified range."
"The website does not exist.","The website does not exist."
"The website has been deleted.","The website has been deleted."
"The website has been saved.","The website has been saved."
"This date is a required value.","This date is a required value."
"This functionality limits the number of requests a user (identified by IP address) can perform within a specific time frame, preventing excessive resources usage and maintaining system performance, stability and security.","This functionality limits the number of requests a user (identified by IP address) can perform within a specific time frame, preventing excessive resources usage and maintaining system performance, stability and security."
"This is a required field.","This is a required field."
"This setting enable notification when new admin user created.","This setting enable notification when new admin user created."
"This store cannot be deleted.","This store cannot be deleted."
"This store view cannot be deleted.","This store view cannot be deleted."
"This website cannot be deleted.","This website cannot be deleted."
"This will be displayed just before body closing tag.","This will be displayed just before body closing tag."
"This will be included before head closing tag in page HTML.","This will be included before head closing tag in page HTML."
"Timeframe","Timeframe"
"Timezone","Timezone"
"Title Prefix","Title Prefix"
"Title Suffix","Title Suffix"
"Too Soon: You are trying to perform this operation too frequently. Please wait a few seconds and try again.","Too Soon: You are trying to perform this operation too frequently. Please wait a few seconds and try again."
"Transactional Emails","Transactional Emails"
"Translate, blocks and other output caches should be disabled for both frontend and admin inline translations.","Translate, blocks and other output caches should be disabled for both frontend and admin inline translations."
"Translate Inline","Translate Inline"
"Translations","Translations"
"Transport","Transport"
"Two and more slashes together are not permitted in request path","Two and more slashes together are not permitted in request path"
"Two and more slashes together are not permitted in url rewrite suffix","Two and more slashes together are not permitted in url rewrite suffix"
"Unable to create directory: %s","Unable to create directory: %s"
"Unable to delete store. Please, try again later.","Unable to delete store. Please, try again later."
"Unable to delete store view. Please, try again later.","Unable to delete store view. Please, try again later."
"Unable to delete website. Please, try again later.","Unable to delete website. Please, try again later."
"Unable to proceed. Please, try again","Unable to proceed. Please, try again"
"Unable to proceed. Please, try again.","Unable to proceed. Please, try again."
"Unable to save file ""%s"" at ""%s""","Unable to save file ""%s"" at ""%s"""
"Unable to save file: %s","Unable to save file: %s"
"Unknown scope ""%s"".","Unknown scope ""%s""."
"Unsecure","Unsecure"
"Url Options","Url Options"
"Use Custom Admin Path","Use Custom Admin Path"
"Use Custom Admin URL","Use Custom Admin URL"
"Use HTTP Only","Use HTTP Only"
"Use Secure URLs in Admin","Use Secure URLs in Admin"
"Use Secure URLs in Frontend","Use Secure URLs in Frontend"
"Use SID on Frontend","Use SID on Frontend"
"Validate HTTP_USER_AGENT","Validate HTTP_USER_AGENT"
"Validate HTTP_VIA","Validate HTTP_VIA"
"Validate HTTP_X_FORWARDED_FOR","Validate HTTP_X_FORWARDED_FOR"
"Validate REMOTE_ADDR","Validate REMOTE_ADDR"
"Validation has failed.","Validation has failed."
"Value must be a string.","Value must be a string."
"Value must be between %d and %d","Value must be between %d and %d"
"Variable Code must be unique.","Variable Code must be unique."
"VAT Number","VAT Number"
"Warning! Enabling this feature is not recommended on production environments because it represents a potential security risk.","Warning! Enabling this feature is not recommended on production environments because it represents a potential security risk."
"Web","Web"
"Website","Website"
"Website code may only contain letters (a-z), numbers (0-9) or underscore(_), the first character must be a letter","Website code may only contain letters (a-z), numbers (0-9) or underscore(_), the first character must be a letter"
"Website Information","Website Information"
"Website Name","Website Name"
"Website with the same code","Website with the same code"
"Weekend Days","Weekend Days"
"Welcome Text","Welcome Text"
"When enabled, emails are queued for background sending. Automatically disabled in developer mode for immediate feedback.","When enabled, emails are queued for background sending. Automatically disabled in developer mode for immediate feedback."
"Without this setting, a page could be accessible with both URLs: ""example.com/category"" and ""example.com/category/"". This creates duplicate content issues for SEO. Use this setting to automatically redirect to a canonical URL format.","Without this setting, a page could be accessible with both URLs: ""example.com/category"" and ""example.com/category/"". This creates duplicate content issues for SEO. Use this setting to automatically redirect to a canonical URL format."
"Wrong file info format","Wrong file info format"
"Wrong number of arguments for %s","Wrong number of arguments for %s"
"XML data is invalid.","XML data is invalid."
"XML object is not instance of ""\Maho\Simplexml\Element"".","XML object is not instance of ""\Maho\Simplexml\Element""."
"Yes","Yes"
"Your design change for the specified store intersects with another one, please specify another date range.","Your design change for the specified store intersects with another one, please specify another date range."
"You will have to log in after you save your custom admin path.","You will have to log in after you save your custom admin path."
